{
  "Total mutations": 1000000,
  "Neutral mutations": 24962,
  "Neutral mutations proportion": 0.024962,
  "Neutral mutations standard deviation of proportion estimator": 0.00015600936996868156,
  "Neutral probability theory": 0.0250124875,
  "Length mean": 665.5326896883263,
  "Length standard deviation of mean estimator": 2.983576945922567,
  "Length mean theory": 666.6666666666666,
  "Length standard deviation": 471.3862736791459
}