{
  "Total mutations": 1000000,
  "Neutral mutations": 2447,
  "Neutral mutations proportion": 0.002447,
  "Neutral mutations standard deviation of proportion estimator": 4.940662544641606e-05,
  "Neutral probability theory": 0.00250124875,
  "Length mean": 662.4589293011851,
  "Length standard deviation of mean estimator": 9.448123379093104,
  "Length mean theory": 666.6666666666666,
  "Length standard deviation": 467.37183867978854
}