{
  "Total mutations": 1000000,
  "Neutral mutations": 41344,
  "Neutral mutations proportion": 0.041344,
  "Neutral mutations standard deviation of proportion estimator": 0.00019908469305308566,
  "Neutral probability theory": 0.0250124875,
  "Length mean": 1066.428816756966,
  "Length standard deviation of mean estimator": 3.9655304969255467,
  "Length mean theory": 666.6666666666666,
  "Length standard deviation": 806.3202004501026
}