{
  "Total mutations": 1000000,
  "Neutral mutations": 4341,
  "Neutral mutations proportion": 0.004341,
  "Neutral mutations standard deviation of proportion estimator": 6.574313698025324e-05,
  "Neutral probability theory": 0.00250124875,
  "Length mean": 1172.5542501727712,
  "Length standard deviation of mean estimator": 13.794142454824586,
  "Length mean theory": 666.6666666666666,
  "Length standard deviation": 908.8445340561818
}