{
  "Total mutations": 1000000,
  "Neutral mutations": 51,
  "Neutral mutations proportion": 5.1e-05,
  "Neutral mutations standard deviation of proportion estimator": 7.141249890603955e-06,
  "Neutral probability theory": 2.50124875e-05,
  "Length mean": 1218.078431372549,
  "Length standard deviation of mean estimator": 164.0570665315011,
  "Length mean theory": 666.6666666666666,
  "Length standard deviation": 1171.6017988314077
}