{
  "Total mutations": 1000000,
  "Neutral mutations": 42,
  "Neutral mutations proportion": 4.2e-05,
  "Neutral mutations standard deviation of proportion estimator": 6.480607841864989e-06,
  "Neutral probability theory": 2.50124875e-05,
  "Length mean": 1462.2857142857142,
  "Length standard deviation of mean estimator": 191.8995304326576,
  "Length mean theory": 666.6666666666666,
  "Length standard deviation": 1243.651096880282
}