{
  "Total mutations": 1000000,
  "Neutral mutations": 250607,
  "Neutral mutations proportion": 0.250607,
  "Neutral mutations standard deviation of proportion estimator": 0.0004333628758422329,
  "Neutral probability theory": 0.25048774938746937,
  "Length mean": 16666.093660592083,
  "Length standard deviation of mean estimator": 22.06059662133627,
  "Length mean theory": 0,
  "Length standard deviation": 11043.680974465215
}