{
  "Total mutations": 1000000,
  "Neutral mutations": 250341,
  "Neutral mutations proportion": 0.250341,
  "Neutral mutations standard deviation of proportion estimator": 0.0004332096883268544,
  "Neutral probability theory": 0.25049899999499997,
  "Length mean": 166587.44505694232,
  "Length standard deviation of mean estimator": 221.228154155648,
  "Length mean theory": 0,
  "Length standard deviation": 110689.49017128933
}