{
  "Total mutations": 1000000,
  "Neutral mutations": 250738,
  "Neutral mutations proportion": 0.250738,
  "Neutral mutations standard deviation of proportion estimator": 0.0004334382379235255,
  "Neutral probability theory": 0.25049899999499997,
  "Length mean": 166969.12168877473,
  "Length standard deviation of mean estimator": 220.7811638830841,
  "Length mean theory": 0,
  "Length standard deviation": 110553.39837050955
}