{
  "Total mutations": 1000000,
  "Neutral mutations": 249889,
  "Neutral mutations proportion": 0.249889,
  "Neutral mutations standard deviation of proportion estimator": 0.00043294888562998965,
  "Neutral probability theory": 0.2505001250000625,
  "Length mean": 1667616.9035611812,
  "Length standard deviation of mean estimator": 2212.4251977500967,
  "Length mean theory": 0,
  "Length standard deviation": 1105966.992412754
}