{
  "Total mutations": 1000000,
  "Neutral mutations": 250369,
  "Neutral mutations proportion": 0.250369,
  "Neutral mutations standard deviation of proportion estimator": 0.0004332258235703989,
  "Neutral probability theory": 0.2505002375000119,
  "Length mean": 16687633.53436328,
  "Length standard deviation of mean estimator": 22109.007475501967,
  "Length mean theory": 0,
  "Length standard deviation": 11062658.953344492
}