{
  "Total mutations": 1000000,
  "Neutral mutations": 250864,
  "Neutral mutations proportion": 0.250864,
  "Neutral mutations standard deviation of proportion estimator": 0.0004335106738804142,
  "Neutral probability theory": 0.25050024875000126,
  "Length mean": 166256923.4942439,
  "Length standard deviation of mean estimator": 220938.0975269042,
  "Length mean theory": 0,
  "Length standard deviation": 110659774.63469319
}