{
  "Total mutations": 1000000,
  "Neutral mutations": 250809,
  "Neutral mutations proportion": 0.250809,
  "Neutral mutations standard deviation of proportion estimator": 0.0004334790610032402,
  "Neutral probability theory": 0.25050024987500014,
  "Length mean": 1666447987.8829587,
  "Length standard deviation of mean estimator": 2207744.1514506475,
  "Length mean theory": 0,
  "Length standard deviation": 1105656698.150421
}