{
  "Total mutations": 1000000,
  "Neutral mutations": 250769,
  "Neutral mutations proportion": 0.250769,
  "Neutral mutations standard deviation of proportion estimator": 0.0004334560639883248,
  "Neutral probability theory": 0.25050024998750003,
  "Length mean": 16639031875.968342,
  "Length standard deviation of mean estimator": 22068143.092459824,
  "Length mean theory": 0,
  "Length standard deviation": 11051028918.06161
}