{
  "Total mutations": 1000000,
  "Neutral mutations": 500432,
  "Neutral mutations proportion": 0.500432,
  "Neutral mutations standard deviation of proportion estimator": 0.000500000313808402,
  "Neutral probability theory": 0.25050024998750003,
  "Length mean": 16675643331.965384,
  "Length standard deviation of mean estimator": 15636875.5529023,
  "Length mean theory": 0,
  "Length standard deviation": 11061716307.127272
}