{
  "Total mutations": 1000000,
  "Neutral mutations": 250402,
  "Neutral mutations proportion": 0.250402,
  "Neutral mutations standard deviation of proportion estimator": 0.00043324483701280314,
  "Neutral probability theory": 0.25050024998750003,
  "Length mean": 16687256929.677834,
  "Length standard deviation of mean estimator": 22125383.74174576,
  "Length mean theory": 0,
  "Length standard deviation": 11071582702.458405
}