{
  "Total mutations": 1000000,
  "Neutral mutations": 500259,
  "Neutral mutations proportion": 0.500259,
  "Neutral mutations standard deviation of proportion estimator": 0.0005000004331783127,
  "Neutral probability theory": 0.5005,
  "Length mean": 5.500118938389914,
  "Length standard deviation of mean estimator": 0.004060910720434699,
  "Length mean theory": 5.5,
  "Length standard deviation": 2.8722411297806256
}