{
  "Total mutations": 1000000,
  "Neutral mutations": 500670,
  "Neutral mutations proportion": 0.50067,
  "Neutral mutations standard deviation of proportion estimator": 0.0005000000517704981,
  "Neutral probability theory": 0.5005,
  "Length mean": 5.508424710887411,
  "Length standard deviation of mean estimator": 0.004059966173594276,
  "Length mean theory": 5.5,
  "Length standard deviation": 2.8727524246506975
}