{
  "Total mutations": 1000000,
  "Neutral mutations": 500309,
  "Neutral mutations proportion": 0.500309,
  "Neutral mutations standard deviation of proportion estimator": 0.0005000004048283363,
  "Neutral probability theory": 0.5005,
  "Length mean": 5.50256941210332,
  "Length standard deviation of mean estimator": 0.004065765860254777,
  "Length mean theory": 5.5,
  "Length standard deviation": 2.8758188268533247
}