{
  "Total mutations": 1000000,
  "Neutral mutations": 500290,
  "Neutral mutations proportion": 0.50029,
  "Neutral mutations standard deviation of proportion estimator": 0.000500000416190327,
  "Neutral probability theory": 0.5005,
  "Length mean": 5.497181634651902,
  "Length standard deviation of mean estimator": 0.004059960322327648,
  "Length mean theory": 5.5,
  "Length standard deviation": 2.8716578939708124
}