{
  "Total mutations": 1000000,
  "Neutral mutations": 501399,
  "Neutral mutations proportion": 0.501399,
  "Neutral mutations standard deviation of proportion estimator": 0.0004999985441963821,
  "Neutral probability theory": 0.5005,
  "Length mean": 5.50877843793067,
  "Length standard deviation of mean estimator": 0.004053683107014602,
  "Length mean theory": 5.5,
  "Length standard deviation": 2.8703940877736596
}