{
  "Total mutations": 1000000,
  "Neutral mutations": 34905,
  "Neutral mutations proportion": 0.034905,
  "Neutral mutations standard deviation of proportion estimator": 0.00018353930336588648,
  "Neutral probability theory": 0.0250124875,
  "Length mean": 902.336398796734,
  "Length standard deviation of mean estimator": 3.439087767180312,
  "Length mean theory": 666.6666666666666,
  "Length standard deviation": 642.5206359481688
}