{
  "Total mutations": 1000000,
  "Neutral mutations": 4069,
  "Neutral mutations proportion": 0.004069,
  "Neutral mutations standard deviation of proportion estimator": 6.365883527055824e-05,
  "Neutral probability theory": 0.00250124875,
  "Length mean": 963.8999754239371,
  "Length standard deviation of mean estimator": 10.486407131373028,
  "Length mean theory": 666.6666666666666,
  "Length standard deviation": 668.9144226146296
}