{
  "Total mutations": 1000000,
  "Neutral mutations": 387,
  "Neutral mutations proportion": 0.000387,
  "Neutral mutations standard deviation of proportion estimator": 1.9668518449552497e-05,
  "Neutral probability theory": 0.000250124875,
  "Length mean": 976.2687338501293,
  "Length standard deviation of mean estimator": 32.63892848298676,
  "Length mean theory": 666.6666666666666,
  "Length standard deviation": 642.0833010788257
}