{
  "Total mutations": 1000000,
  "Neutral mutations": 370,
  "Neutral mutations proportion": 0.00037,
  "Neutral mutations standard deviation of proportion estimator": 1.9231834805872527e-05,
  "Neutral probability theory": 0.000250124875,
  "Length mean": 980.3621621621621,
  "Length standard deviation of mean estimator": 37.551258889160664,
  "Length mean theory": 666.6666666666666,
  "Length standard deviation": 722.3128867322554
}