{
  "Total mutations": 1000000,
  "Neutral mutations": 391,
  "Neutral mutations proportion": 0.000391,
  "Neutral mutations standard deviation of proportion estimator": 1.9769863681886907e-05,
  "Neutral probability theory": 0.000250124875,
  "Length mean": 1014.462915601023,
  "Length standard deviation of mean estimator": 33.647461964194996,
  "Length mean theory": 666.6666666666666,
  "Length standard deviation": 665.3354893458578
}