{
  "Total mutations": 1000000,
  "Neutral mutations": 42,
  "Neutral mutations proportion": 4.2e-05,
  "Neutral mutations standard deviation of proportion estimator": 6.480607841864989e-06,
  "Neutral probability theory": 2.50124875e-05,
  "Length mean": 816.5,
  "Length standard deviation of mean estimator": 94.05331459988084,
  "Length mean theory": 666.6666666666666,
  "Length standard deviation": 609.535143747606
}