{
  "Total mutations": 1000000,
  "Neutral mutations": 41,
  "Neutral mutations proportion": 4.1e-05,
  "Neutral mutations standard deviation of proportion estimator": 6.402996173670651e-06,
  "Neutral probability theory": 2.50124875e-05,
  "Length mean": 983.5365853658536,
  "Length standard deviation of mean estimator": 111.43761354829195,
  "Length mean theory": 666.6666666666666,
  "Length standard deviation": 713.5488842727434
}