{
  "Total mutations": 1000000,
  "Neutral mutations": 5,
  "Neutral mutations proportion": 5e-06,
  "Neutral mutations standard deviation of proportion estimator": 2.2360635053604804e-06,
  "Neutral probability theory": 2.50124875e-06,
  "Length mean": 862.4,
  "Length standard deviation of mean estimator": 374.30248195810833,
  "Length mean theory": 666.6666666666666,
  "Length standard deviation": 836.9657938052188
}