{
  "Total mutations": 1000000,
  "Neutral mutations": 501071,
  "Neutral mutations proportion": 0.501071,
  "Neutral mutations standard deviation of proportion estimator": 0.0004999993540300838,
  "Neutral probability theory": 0.5005,
  "Length mean": 5.494812112455121,
  "Length standard deviation of mean estimator": 0.0040581846516583985,
  "Length mean theory": 5.5,
  "Length standard deviation": 2.8726415518463506
}