{
  "Total mutations": 1000000,
  "Neutral mutations": 500789,
  "Neutral mutations proportion": 0.500789,
  "Neutral mutations standard deviation of proportion estimator": 0.0004999998782684859,
  "Neutral probability theory": 0.5005,
  "Length mean": 5.495639880268936,
  "Length standard deviation of mean estimator": 0.0040603547095269055,
  "Length mean theory": 5.5,
  "Length standard deviation": 2.8733687575037012
}