{
  "Total mutations": 1000000,
  "Neutral mutations": 500638,
  "Neutral mutations proportion": 0.500638,
  "Neutral mutations standard deviation of proportion estimator": 0.0005000000935944919,
  "Neutral probability theory": 0.5005,
  "Length mean": 5.496146916534502,
  "Length standard deviation of mean estimator": 0.004062828877948004,
  "Length mean theory": 5.5,
  "Length standard deviation": 2.8746861468378926
}