{
  "Total mutations": 1000000,
  "Neutral mutations": 500966,
  "Neutral mutations proportion": 0.500966,
  "Neutral mutations standard deviation of proportion estimator": 0.0004999995678103141,
  "Neutral probability theory": 0.5005,
  "Length mean": 5.496323103763529,
  "Length standard deviation of mean estimator": 0.004057391830194307,
  "Length mean theory": 5.5,
  "Length standard deviation": 2.8717794026978662
}