{
  "Total mutations": 1000000,
  "Neutral mutations": 500139,
  "Neutral mutations proportion": 0.500139,
  "Neutral mutations standard deviation of proportion estimator": 0.000500000480818269,
  "Neutral probability theory": 0.5005,
  "Length mean": 5.498169508876532,
  "Length standard deviation of mean estimator": 0.004060632117402035,
  "Length mean theory": 5.5,
  "Length standard deviation": 2.871699589154875
}