{
  "Total mutations": 1000000,
  "Neutral mutations": 500585,
  "Neutral mutations proportion": 0.500585,
  "Neutral mutations standard deviation of proportion estimator": 0.0005000001583604755,
  "Neutral probability theory": 0.5005,
  "Length mean": 5.49433562731604,
  "Length standard deviation of mean estimator": 0.004060101279409134,
  "Length mean theory": 5.5,
  "Length standard deviation": 2.872604147221349
}