{
  "Total mutations": 1000000,
  "Neutral mutations": 501367,
  "Neutral mutations proportion": 0.501367,
  "Neutral mutations standard deviation of proportion estimator": 0.0004999986326766319,
  "Neutral probability theory": 0.5005,
  "Length mean": 5.500381955733026,
  "Length standard deviation of mean estimator": 0.0040568918317106135,
  "Length mean theory": 5.5,
  "Length standard deviation": 2.872574500463652
}