{
  "Total mutations": 1000000,
  "Neutral mutations": 249657,
  "Neutral mutations proportion": 0.249657,
  "Neutral mutations standard deviation of proportion estimator": 0.000432814777945774,
  "Neutral probability theory": 0.25048774938746937,
  "Length mean": 16638.17561694645,
  "Length standard deviation of mean estimator": 22.12728868389121,
  "Length mean theory": 0,
  "Length standard deviation": 11056.052076886277
}