{
  "Total mutations": 1000000,
  "Neutral mutations": 500031,
  "Neutral mutations proportion": 0.500031,
  "Neutral mutations standard deviation of proportion estimator": 0.000500000499070251,
  "Neutral probability theory": 0.25048774938746937,
  "Length mean": 16659.749261545785,
  "Length standard deviation of mean estimator": 15.645150092194312,
  "Length mean theory": 0,
  "Length standard deviation": 11063.13466409984
}