{
  "Total mutations": 1000000,
  "Neutral mutations": 501280,
  "Neutral mutations proportion": 0.50128,
  "Neutral mutations standard deviation of proportion estimator": 0.0004999988628792083,
  "Neutral probability theory": 0.25049899999499997,
  "Length mean": 166559.94499481327,
  "Length standard deviation of mean estimator": 156.1910195619624,
  "Length mean theory": 0,
  "Length standard deviation": 110585.00670606378
}