{
  "Total mutations": 1000000,
  "Neutral mutations": 251020,
  "Neutral mutations proportion": 0.25102,
  "Neutral mutations standard deviation of proportion estimator": 0.0004336002889992706,
  "Neutral probability theory": 0.25049899999499997,
  "Length mean": 166940.1406939686,
  "Length standard deviation of mean estimator": 221.05894884789845,
  "Length mean theory": 0,
  "Length standard deviation": 110754.72503002975
}