{
  "Total mutations": 1000000,
  "Neutral mutations": 500407,
  "Neutral mutations proportion": 0.500407,
  "Neutral mutations standard deviation of proportion estimator": 0.0005000003347583882,
  "Neutral probability theory": 0.2505001250000625,
  "Length mean": 1670237.3983317579,
  "Length standard deviation of mean estimator": 1561.8172979216931,
  "Length mean theory": 0,
  "Length standard deviation": 1104820.990145213
}