{
  "Total mutations": 1000000,
  "Neutral mutations": 250546,
  "Neutral mutations proportion": 0.250546,
  "Neutral mutations standard deviation of proportion estimator": 0.00043332776558887914,
  "Neutral probability theory": 0.2505001250000625,
  "Length mean": 1667010.4451158668,
  "Length standard deviation of mean estimator": 2209.3594528098142,
  "Length mean theory": 0,
  "Length standard deviation": 1105885.3787389991
}