{
  "Total mutations": 1000000,
  "Neutral mutations": 250519,
  "Neutral mutations proportion": 0.250519,
  "Neutral mutations standard deviation of proportion estimator": 0.0004333122213349752,
  "Neutral probability theory": 0.2505002375000119,
  "Length mean": 16653988.737636667,
  "Length standard deviation of mean estimator": 22103.585869604773,
  "Length mean theory": 0,
  "Length standard deviation": 11063258.748196801
}