{
  "Total mutations": 1000000,
  "Neutral mutations": 500981,
  "Neutral mutations proportion": 0.500981,
  "Neutral mutations standard deviation of proportion estimator": 0.000499999538620288,
  "Neutral probability theory": 0.2505002375000119,
  "Length mean": 16675997.36651889,
  "Length standard deviation of mean estimator": 15630.232406265597,
  "Length mean theory": 0,
  "Length standard deviation": 11063080.263781652
}