{
  "Total mutations": 1000000,
  "Neutral mutations": 250302,
  "Neutral mutations proportion": 0.250302,
  "Neutral mutations standard deviation of proportion estimator": 0.00043318721022007363,
  "Neutral probability theory": 0.2505002375000119,
  "Length mean": 16647477.575644622,
  "Length standard deviation of mean estimator": 22093.418711059883,
  "Length mean theory": 0,
  "Length standard deviation": 11053379.554188669
}