{
  "Total mutations": 1000000,
  "Neutral mutations": 249984,
  "Neutral mutations proportion": 0.249984,
  "Neutral mutations standard deviation of proportion estimator": 0.00043300375255677634,
  "Neutral probability theory": 0.25050024875000126,
  "Length mean": 166365815.55555955,
  "Length standard deviation of mean estimator": 220844.4098076481,
  "Length mean theory": 0,
  "Length standard deviation": 110418671.33672915
}