{
  "Total mutations": 1000000,
  "Neutral mutations": 250261,
  "Neutral mutations proportion": 0.250261,
  "Neutral mutations standard deviation of proportion estimator": 0.0004331635743460549,
  "Neutral probability theory": 0.25050024875000126,
  "Length mean": 166818821.76939276,
  "Length standard deviation of mean estimator": 220750.8307790768,
  "Length mean theory": 0,
  "Length standard deviation": 110433016.32644899
}