{
  "Total mutations": 1000000,
  "Neutral mutations": 250604,
  "Neutral mutations proportion": 0.250604,
  "Neutral mutations standard deviation of proportion estimator": 0.0004333611493757264,
  "Neutral probability theory": 0.25050024987500014,
  "Length mean": 1668803826.792693,
  "Length standard deviation of mean estimator": 2207863.307816873,
  "Length mean theory": 0,
  "Length standard deviation": 1105264398.8540308
}