{
  "Total mutations": 1000000,
  "Neutral mutations": 251054,
  "Neutral mutations proportion": 0.251054,
  "Neutral mutations standard deviation of proportion estimator": 0.0004336198105924717,
  "Neutral probability theory": 0.25050024998750003,
  "Length mean": 16655568411.814053,
  "Length standard deviation of mean estimator": 22082477.144640733,
  "Length mean theory": 0,
  "Length standard deviation": 11064489023.030762
}