{
  "Total mutations": 1000000,
  "Neutral mutations": 497696,
  "Neutral mutations proportion": 0.497696,
  "Neutral mutations standard deviation of proportion estimator": 0.0004999951892573544,
  "Neutral probability theory": 0.49775,
  "Length mean": 5.489833151160548,
  "Length standard deviation of mean estimator": 0.004071174037185191,
  "Length mean theory": 5.5,
  "Length standard deviation": 2.8721144596270536
}