{
  "Total mutations": 1000000,
  "Neutral mutations": 497125,
  "Neutral mutations proportion": 0.497125,
  "Neutral mutations standard deviation of proportion estimator": 0.0004999922314401466,
  "Neutral probability theory": 0.499775,
  "Length mean": 5.494537591149108,
  "Length standard deviation of mean estimator": 0.004074512678012348,
  "Length mean theory": 5.5,
  "Length standard deviation": 2.872820395995413
}