{
  "Total mutations": 1000000,
  "Neutral mutations": 497205,
  "Neutral mutations proportion": 0.497205,
  "Neutral mutations standard deviation of proportion estimator": 0.0004999926851269899,
  "Neutral probability theory": 0.49775,
  "Length mean": 5.491815247232027,
  "Length standard deviation of mean estimator": 0.004073199459052438,
  "Length mean theory": 5.5,
  "Length standard deviation": 2.872125554471579
}