{
  "Total mutations": 1000000,
  "Neutral mutations": 498252,
  "Neutral mutations proportion": 0.498252,
  "Neutral mutations standard deviation of proportion estimator": 0.0004999974427419587,
  "Neutral probability theory": 0.4999775,
  "Length mean": 5.490595120541413,
  "Length standard deviation of mean estimator": 0.004066598505896278,
  "Length mean theory": 5.5,
  "Length standard deviation": 2.8704885712298975
}