{
  "Total mutations": 1000000,
  "Neutral mutations": 497957,
  "Neutral mutations proportion": 0.497957,
  "Neutral mutations standard deviation of proportion estimator": 0.0004999963240949856,
  "Neutral probability theory": 0.49999775,
  "Length mean": 5.485730695622313,
  "Length standard deviation of mean estimator": 0.004070120961652502,
  "Length mean theory": 5.5,
  "Length standard deviation": 2.872124339041914
}