{
  "Total mutations": 1000000,
  "Neutral mutations": 497974,
  "Neutral mutations proportion": 0.497974,
  "Neutral mutations standard deviation of proportion estimator": 0.0004999963932854895,
  "Neutral probability theory": 0.49999775,
  "Length mean": 5.494021776237314,
  "Length standard deviation of mean estimator": 0.004072247358254956,
  "Length mean theory": 5.5,
  "Length standard deviation": 2.873673905151972
}