{
  "Total mutations": 1000000,
  "Neutral mutations": 498210,
  "Neutral mutations proportion": 0.49821,
  "Neutral mutations standard deviation of proportion estimator": 0.0004999972941031763,
  "Neutral probability theory": 0.49775,
  "Length mean": 5.496710222596897,
  "Length standard deviation of mean estimator": 0.004071934093310632,
  "Length mean theory": 5.5,
  "Length standard deviation": 2.8741336558234143
}