{
  "Total mutations": 1000000,
  "Neutral mutations": 497595,
  "Neutral mutations proportion": 0.497595,
  "Neutral mutations standard deviation of proportion estimator": 0.0004999947135425509,
  "Neutral probability theory": 0.499999775,
  "Length mean": 5.490119474673178,
  "Length standard deviation of mean estimator": 0.004071317759134945,
  "Length mean theory": 5.5,
  "Length standard deviation": 2.8719244004451583
}