{
  "Total mutations": 1000000,
  "Neutral mutations": 497964,
  "Neutral mutations proportion": 0.497964,
  "Neutral mutations standard deviation of proportion estimator": 0.0004999963526551948,
  "Neutral probability theory": 0.4999999775,
  "Length mean": 5.4935919062422185,
  "Length standard deviation of mean estimator": 0.004067412770890373,
  "Length mean theory": 5.5,
  "Length standard deviation": 2.8702334491507986
}