{
  "Total mutations": 1000000,
  "Neutral mutations": 498395,
  "Neutral mutations proportion": 0.498395,
  "Neutral mutations standard deviation of proportion estimator": 0.0004999979223661819,
  "Neutral probability theory": 0.49775,
  "Length mean": 5.4897480913733085,
  "Length standard deviation of mean estimator": 0.004064662919622399,
  "Length mean theory": 5.5,
  "Length standard deviation": 2.869533993911406
}