{
  "Total mutations": 1000000,
  "Neutral mutations": 498258,
  "Neutral mutations proportion": 0.498258,
  "Neutral mutations standard deviation of proportion estimator": 0.0004999974636880654,
  "Neutral probability theory": 0.49999999775,
  "Length mean": 5.489314772667975,
  "Length standard deviation of mean estimator": 0.004072308674403052,
  "Length mean theory": 5.5,
  "Length standard deviation": 2.874536513596297
}