{
  "Total mutations": 1000000,
  "Neutral mutations": 497581,
  "Neutral mutations proportion": 0.497581,
  "Neutral mutations standard deviation of proportion estimator": 0.0004999946459918322,
  "Neutral probability theory": 0.49775,
  "Length mean": 5.49379498011379,
  "Length standard deviation of mean estimator": 0.004075322177372564,
  "Length mean theory": 5.5,
  "Length standard deviation": 2.874708692352612
}