{
  "Total mutations": 1000000,
  "Neutral mutations": 497649,
  "Neutral mutations proportion": 0.497649,
  "Neutral mutations standard deviation of proportion estimator": 0.000499994970423201,
  "Neutral probability theory": 0.499999999775,
  "Length mean": 5.491720067758601,
  "Length standard deviation of mean estimator": 0.0040712270845960795,
  "Length mean theory": 5.5,
  "Length standard deviation": 2.8720162640285745
}