{
  "Total mutations": 1000000,
  "Neutral mutations": 500094,
  "Neutral mutations proportion": 0.500094,
  "Neutral mutations standard deviation of proportion estimator": 0.0005000004912582587,
  "Neutral probability theory": 0.5005,
  "Length mean": 5.502595512043736,
  "Length standard deviation of mean estimator": 0.004060497836894814,
  "Length mean theory": 5.5,
  "Length standard deviation": 2.87147543610005
}