{
  "Total mutations": 1000000,
  "Neutral mutations": 501035,
  "Neutral mutations proportion": 0.501035,
  "Neutral mutations standard deviation of proportion estimator": 0.0004999994298101758,
  "Neutral probability theory": 0.5005,
  "Length mean": 5.5026475196343565,
  "Length standard deviation of mean estimator": 0.004058964546900981,
  "Length mean theory": 5.5,
  "Length standard deviation": 2.8730903956287728
}