{
  "Total mutations": 1000000,
  "Neutral mutations": 499873,
  "Neutral mutations proportion": 0.499873,
  "Neutral mutations standard deviation of proportion estimator": 0.0005000004837442659,
  "Neutral probability theory": 0.5005,
  "Length mean": 5.503825971796837,
  "Length standard deviation of mean estimator": 0.004061637261575382,
  "Length mean theory": 5.5,
  "Length standard deviation": 2.871646481786837
}