{
  "Total mutations": 1000000,
  "Neutral mutations": 500143,
  "Neutral mutations proportion": 0.500143,
  "Neutral mutations standard deviation of proportion estimator": 0.0005000004796942701,
  "Neutral probability theory": 0.5005,
  "Length mean": 5.507150954826919,
  "Length standard deviation of mean estimator": 0.004060923139960571,
  "Length mean theory": 5.5,
  "Length standard deviation": 2.8719168861874595
}