{
  "Total mutations": 1000000,
  "Neutral mutations": 500158,
  "Neutral mutations proportion": 0.500158,
  "Neutral mutations standard deviation of proportion estimator": 0.0005000004751942743,
  "Neutral probability theory": 0.5005,
  "Length mean": 5.502343259529988,
  "Length standard deviation of mean estimator": 0.004063678996007366,
  "Length mean theory": 5.5,
  "Length standard deviation": 2.873908944667344
}