{
  "Total mutations": 1000000,
  "Neutral mutations": 499758,
  "Neutral mutations proportion": 0.499758,
  "Neutral mutations standard deviation of proportion estimator": 0.0005000004411943052,
  "Neutral probability theory": 0.5005,
  "Length mean": 5.501548749594804,
  "Length standard deviation of mean estimator": 0.004061980192553446,
  "Length mean theory": 5.5,
  "Length standard deviation": 2.8715585696694
}