{
  "Total mutations": 1000000,
  "Neutral mutations": 16934,
  "Neutral mutations proportion": 0.016934,
  "Neutral mutations standard deviation of proportion estimator": 0.00012902424802345075,
  "Neutral probability theory": 0.0125125,
  "Length mean": 523.003602220385,
  "Length standard deviation of mean estimator": 3.140235344397284,
  "Length mean theory": 333.3333333333333,
  "Length standard deviation": 408.6410346015577
}