{
  "Total mutations": 1000000,
  "Neutral mutations": 2445,
  "Neutral mutations proportion": 0.002445,
  "Neutral mutations standard deviation of proportion estimator": 4.938648013376176e-05,
  "Neutral probability theory": 0.00125125,
  "Length mean": 966.0658486707566,
  "Length standard deviation of mean estimator": 18.308509948219204,
  "Length mean theory": 333.3333333333333,
  "Length standard deviation": 905.2998159732948
}