{
  "Total mutations": 1000000,
  "Neutral mutations": 255,
  "Neutral mutations proportion": 0.000255,
  "Neutral mutations standard deviation of proportion estimator": 1.596669126651652e-05,
  "Neutral probability theory": 0.000125125,
  "Length mean": 938.5764705882353,
  "Length standard deviation of mean estimator": 57.369267786565054,
  "Length mean theory": 333.3333333333333,
  "Length standard deviation": 916.113740767753
}