{
  "Total mutations": 1000000,
  "Neutral mutations": 256,
  "Neutral mutations proportion": 0.000256,
  "Neutral mutations standard deviation of proportion estimator": 1.5997959869941417e-05,
  "Neutral probability theory": 0.000125125,
  "Length mean": 1069.69921875,
  "Length standard deviation of mean estimator": 64.65676086669237,
  "Length mean theory": 333.3333333333333,
  "Length standard deviation": 1034.5081738670779
}