{
  "Total mutations": 1000000,
  "Neutral mutations": 31,
  "Neutral mutations proportion": 3.1e-05,
  "Neutral mutations standard deviation of proportion estimator": 5.56768084574098e-06,
  "Neutral probability theory": 1.25125e-05,
  "Length mean": 1121.741935483871,
  "Length standard deviation of mean estimator": 186.89458504645052,
  "Length mean theory": 333.3333333333333,
  "Length standard deviation": 1040.5850102275317
}