{
  "Total mutations": 1000000,
  "Neutral mutations": 3,
  "Neutral mutations proportion": 3e-06,
  "Neutral mutations standard deviation of proportion estimator": 1.7320490755180698e-06,
  "Neutral probability theory": 1.25125e-06,
  "Length mean": 2385.0,
  "Length standard deviation of mean estimator": 1279.1131693482012,
  "Length mean theory": 333.3333333333333,
  "Length standard deviation": 2215.488997941538
}