{
  "Total mutations": 1000000,
  "Neutral mutations": 39809,
  "Neutral mutations proportion": 0.039809,
  "Neutral mutations standard deviation of proportion estimator": 0.0001955103151448532,
  "Neutral probability theory": 0.0250124875,
  "Length mean": 1149.6788917079052,
  "Length standard deviation of mean estimator": 4.66486764765368,
  "Length mean theory": 666.6666666666666,
  "Length standard deviation": 930.743389814048
}