{
  "Total mutations": 1000000,
  "Neutral mutations": 4496,
  "Neutral mutations proportion": 0.004496,
  "Neutral mutations standard deviation of proportion estimator": 6.690134886535917e-05,
  "Neutral probability theory": 0.00250124875,
  "Length mean": 1231.5353647686832,
  "Length standard deviation of mean estimator": 15.353282504627135,
  "Length mean theory": 666.6666666666666,
  "Length standard deviation": 1029.4716525316935
}