{
  "Total mutations": 1000000,
  "Neutral mutations": 39,
  "Neutral mutations proportion": 3.9e-05,
  "Neutral mutations standard deviation of proportion estimator": 6.244879342312308e-06,
  "Neutral probability theory": 2.50124875e-05,
  "Length mean": 1186.948717948718,
  "Length standard deviation of mean estimator": 186.81578381561437,
  "Length mean theory": 666.6666666666666,
  "Length standard deviation": 1166.6641959977396
}