{
  "Total mutations": 1000000,
  "Neutral mutations": 3,
  "Neutral mutations proportion": 3e-06,
  "Neutral mutations standard deviation of proportion estimator": 1.7320490755180698e-06,
  "Neutral probability theory": 2.50124875e-06,
  "Length mean": 1051.6666666666667,
  "Length standard deviation of mean estimator": 817.4692088436159,
  "Length mean theory": 666.6666666666666,
  "Length standard deviation": 1415.8982033402763
}