{
  "Total mutations": 1000000,
  "Neutral mutations": 2,
  "Neutral mutations proportion": 2e-06,
  "Neutral mutations standard deviation of proportion estimator": 1.414212855266844e-06,
  "Neutral probability theory": 2.50124875e-07,
  "Length mean": 296.5,
  "Length standard deviation of mean estimator": 245.9031821672912,
  "Length mean theory": 666.6666666666666,
  "Length standard deviation": 347.75961525168503
}