{
  "Total mutations": 1000000,
  "Neutral mutations": 500858,
  "Neutral mutations proportion": 0.500858,
  "Neutral mutations standard deviation of proportion estimator": 0.0004999997646944455,
  "Neutral probability theory": 0.5005,
  "Length mean": 5.501098115633573,
  "Length standard deviation of mean estimator": 0.0040591826988788954,
  "Length mean theory": 5.5,
  "Length standard deviation": 2.8727372533365774
}