{
  "Total mutations": 1000000,
  "Neutral mutations": 500926,
  "Neutral mutations proportion": 0.500926,
  "Neutral mutations standard deviation of proportion estimator": 0.0004999996434503738,
  "Neutral probability theory": 0.5005,
  "Length mean": 5.503872827523427,
  "Length standard deviation of mean estimator": 0.004055553239097562,
  "Length mean theory": 5.5,
  "Length standard deviation": 2.870363467186509
}