{
  "Total mutations": 1000000,
  "Neutral mutations": 501129,
  "Neutral mutations proportion": 0.501129,
  "Neutral mutations standard deviation of proportion estimator": 0.0004999992264879028,
  "Neutral probability theory": 0.5005,
  "Length mean": 5.499380399058925,
  "Length standard deviation of mean estimator": 0.004056425197673701,
  "Length mean theory": 5.5,
  "Length standard deviation": 2.8715622784574886
}