{
  "Total mutations": 1000000,
  "Neutral mutations": 499478,
  "Neutral mutations proportion": 0.499478,
  "Neutral mutations standard deviation of proportion estimator": 0.000500000226994448,
  "Neutral probability theory": 0.5005,
  "Length mean": 5.497639535675245,
  "Length standard deviation of mean estimator": 0.004065176545726094,
  "Length mean theory": 5.5,
  "Length standard deviation": 2.873013014112389
}