{
  "Total mutations": 1000000,
  "Neutral mutations": 500235,
  "Neutral mutations proportion": 0.500235,
  "Neutral mutations standard deviation of proportion estimator": 0.0005000004450103022,
  "Neutral probability theory": 0.5005,
  "Length mean": 5.504658810359131,
  "Length standard deviation of mean estimator": 0.004058030868660039,
  "Length mean theory": 5.5,
  "Length standard deviation": 2.870135389648659
}