{
  "Total mutations": 1000000,
  "Neutral mutations": 500768,
  "Neutral mutations proportion": 0.500768,
  "Neutral mutations standard deviation of proportion estimator": 0.0004999999109444929,
  "Neutral probability theory": 0.5005,
  "Length mean": 5.508359160329734,
  "Length standard deviation of mean estimator": 0.004060676916775941,
  "Length mean theory": 5.5,
  "Length standard deviation": 2.8735365210367023
}