{
  "Total mutations": 1000000,
  "Neutral mutations": 500860,
  "Neutral mutations proportion": 0.50086,
  "Neutral mutations standard deviation of proportion estimator": 0.0004999997612604438,
  "Neutral probability theory": 0.5005,
  "Length mean": 5.501968613983948,
  "Length standard deviation of mean estimator": 0.004057888242125797,
  "Length mean theory": 5.5,
  "Length standard deviation": 2.8718268829786724
}