{
  "Total mutations": 1000000,
  "Neutral mutations": 501593,
  "Neutral mutations proportion": 0.501593,
  "Neutral mutations standard deviation of proportion estimator": 0.0004999979639403561,
  "Neutral probability theory": 0.5005,
  "Length mean": 5.4977760853919415,
  "Length standard deviation of mean estimator": 0.004054538565939635,
  "Length mean theory": 5.5,
  "Length standard deviation": 2.8715552004336162
}