{
  "Total mutations": 1000000,
  "Neutral mutations": 12815,
  "Neutral mutations proportion": 0.012815,
  "Neutral mutations standard deviation of proportion estimator": 0.00011247572444760165,
  "Neutral probability theory": 0.0125125,
  "Length mean": 334.0753804135778,
  "Length standard deviation of mean estimator": 2.0759649982386206,
  "Length mean theory": 333.3333333333333,
  "Length standard deviation": 235.00620648438345
}