{
  "Total mutations": 1000000,
  "Neutral mutations": 131,
  "Neutral mutations proportion": 0.000131,
  "Neutral mutations standard deviation of proportion estimator": 1.1444779159080834e-05,
  "Neutral probability theory": 0.000125125,
  "Length mean": 370.63358778625957,
  "Length standard deviation of mean estimator": 22.491858863303836,
  "Length mean theory": 333.3333333333333,
  "Length standard deviation": 257.4310911323807
}