{
  "Total mutations": 1000000,
  "Neutral mutations": 497563,
  "Neutral mutations proportion": 0.497563,
  "Neutral mutations standard deviation of proportion estimator": 0.0004999945585648884,
  "Neutral probability theory": 0.49775,
  "Length mean": 5.487580467197119,
  "Length standard deviation of mean estimator": 0.004070291593323811,
  "Length mean theory": 5.49171270718232,
  "Length standard deviation": 2.871108214861429
}