{
  "Total mutations": 1000000,
  "Neutral mutations": 497501,
  "Neutral mutations proportion": 0.497501,
  "Neutral mutations standard deviation of proportion estimator": 0.0004999942524674634,
  "Neutral probability theory": 0.49775,
  "Length mean": 5.494248252767331,
  "Length standard deviation of mean estimator": 0.0040706414609992985,
  "Length mean theory": 5.49171270718232,
  "Length standard deviation": 2.871176103509699
}