{
  "Total mutations": 1000000,
  "Neutral mutations": 497793,
  "Neutral mutations proportion": 0.497793,
  "Neutral mutations standard deviation of proportion estimator": 0.0004999956269253741,
  "Neutral probability theory": 0.49775,
  "Length mean": 5.489034598718744,
  "Length standard deviation of mean estimator": 0.004069712354850002,
  "Length mean theory": 5.49171270718232,
  "Length standard deviation": 2.871363048913553
}