{
  "Total mutations": 1000000,
  "Neutral mutations": 497465,
  "Neutral mutations proportion": 0.497465,
  "Neutral mutations standard deviation of proportion estimator": 0.0004999940712053469,
  "Neutral probability theory": 0.49775,
  "Length mean": 5.494736313107455,
  "Length standard deviation of mean estimator": 0.004070087106982238,
  "Length mean theory": 5.49171270718232,
  "Length standard deviation": 2.8706812275570446
}