{
  "Total mutations": 1000000,
  "Neutral mutations": 497976,
  "Neutral mutations proportion": 0.497976,
  "Neutral mutations standard deviation of proportion estimator": 0.0004999964013875479,
  "Neutral probability theory": 0.49775,
  "Length mean": 5.48743112117853,
  "Length standard deviation of mean estimator": 0.004073042720091946,
  "Length mean theory": 5.49171270718232,
  "Length standard deviation": 2.874240942161881
}