{
  "Total mutations": 1000000,
  "Neutral mutations": 496645,
  "Neutral mutations proportion": 0.496645,
  "Neutral mutations standard deviation of proportion estimator": 0.0004999892405047299,
  "Neutral probability theory": 0.49775,
  "Length mean": 5.492087909875263,
  "Length standard deviation of mean estimator": 0.004077740674370634,
  "Length mean theory": 5.49171270718232,
  "Length standard deviation": 2.8737079997258688
}