{
  "Total mutations": 1000000,
  "Neutral mutations": 497541,
  "Neutral mutations proportion": 0.497541,
  "Neutral mutations standard deviation of proportion estimator": 0.0004999944508297043,
  "Neutral probability theory": 0.49775,
  "Length mean": 5.492441828914602,
  "Length standard deviation of mean estimator": 0.004072002040932286,
  "Length mean theory": 5.5,
  "Length standard deviation": 2.8722512317606266
}