{
  "Total mutations": 1000000,
  "Neutral mutations": 497959,
  "Neutral mutations proportion": 0.497959,
  "Neutral mutations standard deviation of proportion estimator": 0.0004999963322650457,
  "Neutral probability theory": 0.49775,
  "Length mean": 5.499097315240813,
  "Length standard deviation of mean estimator": 0.0040712070991924644,
  "Length mean theory": 5.5,
  "Length standard deviation": 2.872896552949915
}