{
  "Total mutations": 1000000,
  "Neutral mutations": 497508,
  "Neutral mutations proportion": 0.497508,
  "Neutral mutations standard deviation of proportion estimator": 0.0004999942874118639,
  "Neutral probability theory": 0.49775,
  "Length mean": 5.495990014230927,
  "Length standard deviation of mean estimator": 0.004070641865955321,
  "Length mean theory": 5.5,
  "Length standard deviation": 2.871196588259596
}