{
  "Total mutations": 1000000,
  "Neutral mutations": 497785,
  "Neutral mutations proportion": 0.497785,
  "Neutral mutations standard deviation of proportion estimator": 0.0004999955915410634,
  "Neutral probability theory": 0.499999775,
  "Length mean": 5.4906375242323495,
  "Length standard deviation of mean estimator": 0.0040691511243283575,
  "Length mean theory": 5.5,
  "Length standard deviation": 2.870944006163915
}