{
  "Total mutations": 1000000,
  "Neutral mutations": 497315,
  "Neutral mutations proportion": 0.497315,
  "Neutral mutations standard deviation of proportion estimator": 0.0004999932880454469,
  "Neutral probability theory": 0.49775,
  "Length mean": 5.491016760001206,
  "Length standard deviation of mean estimator": 0.0040717388224935465,
  "Length mean theory": 5.5,
  "Length standard deviation": 2.8714131975652553
}