{
  "Total mutations": 1000000,
  "Neutral mutations": 497969,
  "Neutral mutations proportion": 0.497969,
  "Neutral mutations standard deviation of proportion estimator": 0.0004999963729953428,
  "Neutral probability theory": 0.4999999775,
  "Length mean": 5.489476252537808,
  "Length standard deviation of mean estimator": 0.004067362265572241,
  "Length mean theory": 5.5,
  "Length standard deviation": 2.8702122189120254
}