{
  "Total mutations": 1000000,
  "Neutral mutations": 497269,
  "Neutral mutations proportion": 0.497269,
  "Neutral mutations standard deviation of proportion estimator": 0.0004999930388600398,
  "Neutral probability theory": 0.49775,
  "Length mean": 5.496558200893279,
  "Length standard deviation of mean estimator": 0.004070484863237345,
  "Length mean theory": 5.5,
  "Length standard deviation": 2.870396138115002
}