{
  "Total mutations": 1000000,
  "Neutral mutations": 497883,
  "Neutral mutations proportion": 0.497883,
  "Neutral mutations standard deviation of proportion estimator": 0.0004999960161786271,
  "Neutral probability theory": 0.4999999775,
  "Length mean": 5.489833956973827,
  "Length standard deviation of mean estimator": 0.004067562127897994,
  "Length mean theory": 5.5,
  "Length standard deviation": 2.8701053877186604
}