{
  "Total mutations": 1000000,
  "Neutral mutations": 497721,
  "Neutral mutations proportion": 0.497721,
  "Neutral mutations standard deviation of proportion estimator": 0.000499995303858444,
  "Neutral probability theory": 0.49775,
  "Length mean": 5.4945501596275825,
  "Length standard deviation of mean estimator": 0.004075290061532247,
  "Length mean theory": 5.5,
  "Length standard deviation": 2.875090422175556
}