{
  "Total mutations": 1000000,
  "Neutral mutations": 496762,
  "Neutral mutations proportion": 0.496762,
  "Neutral mutations standard deviation of proportion estimator": 0.000499990012018737,
  "Neutral probability theory": 0.49999999775,
  "Length mean": 5.499347776198663,
  "Length standard deviation of mean estimator": 0.0040723108758014045,
  "Length mean theory": 5.5,
  "Length standard deviation": 2.870219479865752
}