{
  "Total mutations": 1000000,
  "Neutral mutations": 498632,
  "Neutral mutations proportion": 0.498632,
  "Neutral mutations standard deviation of proportion estimator": 0.0004999986272066141,
  "Neutral probability theory": 0.49775,
  "Length mean": 5.494302411397584,
  "Length standard deviation of mean estimator": 0.004067813034802609,
  "Length mean theory": 5.5,
  "Length standard deviation": 2.8724406010058425
}