{
  "Total mutations": 1000000,
  "Neutral mutations": 498147,
  "Neutral mutations proportion": 0.498147,
  "Neutral mutations standard deviation of proportion estimator": 0.0004999970645298812,
  "Neutral probability theory": 0.499999999775,
  "Length mean": 5.487305955872463,
  "Length standard deviation of mean estimator": 0.004069542398318224,
  "Length mean theory": 5.5,
  "Length standard deviation": 2.8722638820214903
}