{
  "Total mutations": 1000000,
  "Neutral mutations": 250715,
  "Neutral mutations proportion": 0.250715,
  "Neutral mutations standard deviation of proportion estimator": 0.00043342501022697186,
  "Neutral probability theory": 0.25050024875000126,
  "Length mean": 166606320.02987456,
  "Length standard deviation of mean estimator": 220544.04762431845,
  "Length mean theory": 50000000.0,
  "Length standard deviation": 110429600.21952136
}