{
  "Total mutations": 1000000,
  "Neutral mutations": 250294,
  "Neutral mutations proportion": 0.250294,
  "Neutral mutations standard deviation of proportion estimator": 0.0004331825987482072,
  "Neutral probability theory": 0.25050024987500014,
  "Length mean": 1668604467.530548,
  "Length standard deviation of mean estimator": 2209898.5379259964,
  "Length mean theory": 500000000.0,
  "Length standard deviation": 1105598788.2305927
}