{
  "Total mutations": 1000000,
  "Neutral mutations": 250495,
  "Neutral mutations proportion": 0.250495,
  "Neutral mutations standard deviation of proportion estimator": 0.00043329840233983147,
  "Neutral probability theory": 0.25050024998750003,
  "Length mean": 16641290793.884142,
  "Length standard deviation of mean estimator": 22086327.975344483,
  "Length mean theory": 5000000000.0,
  "Length standard deviation": 11054091313.66849
}