{
  "Total mutations": 1000000,
  "Neutral mutations": 3114,
  "Neutral mutations proportion": 0.003114,
  "Neutral mutations standard deviation of proportion estimator": 5.5716300289979e-05,
  "Neutral probability theory": 0.00250124875,
  "Length mean": 1043.2106615285807,
  "Length standard deviation of mean estimator": 17.469797501792332,
  "Length mean theory": 666.6666666666666,
  "Length standard deviation": 974.8710531566738
}