{
  "Total mutations": 1000000,
  "Neutral mutations": 501154,
  "Neutral mutations proportion": 0.501154,
  "Neutral mutations standard deviation of proportion estimator": 0.0004999991694378113,
  "Neutral probability theory": 0.5005,
  "Length mean": 5.5085682245377665,
  "Length standard deviation of mean estimator": 0.00405899088387646,
  "Length mean theory": 5.5,
  "Length standard deviation": 2.87345021139549
}