{
  "Total mutations": 1000000,
  "Neutral mutations": 501460,
  "Neutral mutations proportion": 0.50146,
  "Neutral mutations standard deviation of proportion estimator": 0.0004999983698578441,
  "Neutral probability theory": 0.5005,
  "Length mean": 5.4982909903083,
  "Length standard deviation of mean estimator": 0.004056090343753702,
  "Length mean theory": 5.5,
  "Length standard deviation": 2.872273344740361
}