{
  "Total mutations": 1000000,
  "Neutral mutations": 499993,
  "Neutral mutations proportion": 0.499993,
  "Neutral mutations standard deviation of proportion estimator": 0.0005000004999442501,
  "Neutral probability theory": 0.5005,
  "Length mean": 5.50331704643865,
  "Length standard deviation of mean estimator": 0.00406602460810164,
  "Length mean theory": 5.5,
  "Length standard deviation": 2.875093446994593
}