{
  "Total mutations": 1000000,
  "Neutral mutations": 499901,
  "Neutral mutations proportion": 0.499901,
  "Neutral mutations standard deviation of proportion estimator": 0.0005000004901002596,
  "Neutral probability theory": 0.5005,
  "Length mean": 5.5002170429745085,
  "Length standard deviation of mean estimator": 0.004063696062015006,
  "Length mean theory": 5.5,
  "Length standard deviation": 2.8731825548118892
}