{
  "Total mutations": 1000000,
  "Neutral mutations": 499854,
  "Neutral mutations proportion": 0.499854,
  "Neutral mutations standard deviation of proportion estimator": 0.0005000004785382709,
  "Neutral probability theory": 0.5005,
  "Length mean": 5.4963489338886955,
  "Length standard deviation of mean estimator": 0.004061718643570523,
  "Length mean theory": 5.5,
  "Length standard deviation": 2.871649443481327
}