{
  "Total mutations": 1000000,
  "Neutral mutations": 500443,
  "Neutral mutations proportion": 0.500443,
  "Neutral mutations standard deviation of proportion estimator": 0.0005000003041944078,
  "Neutral probability theory": 0.5005,
  "Length mean": 5.495197255231864,
  "Length standard deviation of mean estimator": 0.004057998214505417,
  "Length mean theory": 5.5,
  "Length standard deviation": 2.870708935140766
}