{
  "Total mutations": 1000000,
  "Neutral mutations": 500935,
  "Neutral mutations proportion": 0.500935,
  "Neutral mutations standard deviation of proportion estimator": 0.0004999996267103617,
  "Neutral probability theory": 0.5005,
  "Length mean": 5.499108666793097,
  "Length standard deviation of mean estimator": 0.004061581592509202,
  "Length mean theory": 5.5,
  "Length standard deviation": 2.8746559259170974
}