{
  "Total mutations": 1000000,
  "Neutral mutations": 500032,
  "Neutral mutations proportion": 0.500032,
  "Neutral mutations standard deviation of proportion estimator": 0.000500000499008251,
  "Neutral probability theory": 0.5005,
  "Length mean": 5.499184052220658,
  "Length standard deviation of mean estimator": 0.0040581006119089534,
  "Length mean theory": 5.5,
  "Length standard deviation": 2.8696022842837223
}