{
  "Total mutations": 1000000,
  "Neutral mutations": 501064,
  "Neutral mutations proportion": 0.501064,
  "Neutral mutations standard deviation of proportion estimator": 0.0004999993689681029,
  "Neutral probability theory": 0.5005,
  "Length mean": 5.508006961186595,
  "Length standard deviation of mean estimator": 0.0040573519180947416,
  "Length mean theory": 5.5,
  "Length standard deviation": 2.8720320285321317
}