{
  "Total mutations": 1000000,
  "Neutral mutations": 500938,
  "Neutral mutations proportion": 0.500938,
  "Neutral mutations standard deviation of proportion estimator": 0.0004999996210943574,
  "Neutral probability theory": 0.5005,
  "Length mean": 5.494995388650891,
  "Length standard deviation of mean estimator": 0.004060081607089248,
  "Length mean theory": 5.5,
  "Length standard deviation": 2.873602889489733
}