{
  "Total mutations": 1000000,
  "Neutral mutations": 500552,
  "Neutral mutations proportion": 0.500552,
  "Neutral mutations standard deviation of proportion estimator": 0.0005000001958484622,
  "Neutral probability theory": 0.5005,
  "Length mean": 5.494200402755358,
  "Length standard deviation of mean estimator": 0.004056858735793975,
  "Length mean theory": 5.5,
  "Length standard deviation": 2.8702153706369757
}