{
  "Total mutations": 1000000,
  "Neutral mutations": 1232,
  "Neutral mutations proportion": 0.001232,
  "Neutral mutations standard deviation of proportion estimator": 3.507824693454951e-05,
  "Neutral probability theory": 0.00125125,
  "Length mean": 324.44074675324674,
  "Length standard deviation of mean estimator": 6.761267169717414,
  "Length mean theory": 333.3333333333333,
  "Length standard deviation": 237.3195145116553
}