{
  "Total mutations": 1000000,
  "Neutral mutations": 103,
  "Neutral mutations proportion": 0.000103,
  "Neutral mutations standard deviation of proportion estimator": 1.0148373958428168e-05,
  "Neutral probability theory": 0.000125125,
  "Length mean": 317.22330097087377,
  "Length standard deviation of mean estimator": 22.45795718079647,
  "Length mean theory": 333.3333333333333,
  "Length standard deviation": 227.92337220138754
}