{
  "Total mutations": 1000000,
  "Neutral mutations": 15,
  "Neutral mutations proportion": 1.5e-05,
  "Neutral mutations standard deviation of proportion estimator": 3.8729562352310416e-06,
  "Neutral probability theory": 1.25125e-05,
  "Length mean": 298.0,
  "Length standard deviation of mean estimator": 62.255387986368966,
  "Length mean theory": 333.3333333333333,
  "Length standard deviation": 241.1140808828883
}