{
  "Total mutations": 1000000,
  "Neutral mutations": 498035,
  "Neutral mutations proportion": 0.498035,
  "Neutral mutations standard deviation of proportion estimator": 0.0004999966367991869,
  "Neutral probability theory": 0.49775,
  "Length mean": 5.498091499593402,
  "Length standard deviation of mean estimator": 0.004067909591959275,
  "Length mean theory": 5.49171270718232,
  "Length standard deviation": 2.8707886761961636
}