{
  "Total mutations": 1000000,
  "Neutral mutations": 498064,
  "Neutral mutations proportion": 0.498064,
  "Neutral mutations standard deviation of proportion estimator": 0.0004999967499579352,
  "Neutral probability theory": 0.49775,
  "Length mean": 5.488256529281378,
  "Length standard deviation of mean estimator": 0.004063884398658035,
  "Length mean theory": 5.49171270718232,
  "Length standard deviation": 2.868031530514743
}