{
  "Total mutations": 1000000,
  "Neutral mutations": 498008,
  "Neutral mutations proportion": 0.498008,
  "Neutral mutations standard deviation of proportion estimator": 0.0004999965299324566,
  "Neutral probability theory": 0.49775,
  "Length mean": 5.492566384475752,
  "Length standard deviation of mean estimator": 0.004066641914421763,
  "Length mean theory": 5.49171270718232,
  "Length standard deviation": 2.869816262020509
}