{
  "Total mutations": 1000000,
  "Neutral mutations": 497260,
  "Neutral mutations proportion": 0.49726,
  "Neutral mutations standard deviation of proportion estimator": 0.0004999929896113517,
  "Neutral probability theory": 0.49775,
  "Length mean": 5.4953344326911475,
  "Length standard deviation of mean estimator": 0.004070855988504007,
  "Length mean theory": 5.49171270718232,
  "Length standard deviation": 2.870631867714254
}