{
  "Total mutations": 1000000,
  "Neutral mutations": 497490,
  "Neutral mutations proportion": 0.49749,
  "Neutral mutations standard deviation of proportion estimator": 0.0004999941973568269,
  "Neutral probability theory": 0.49775,
  "Length mean": 5.493845102414119,
  "Length standard deviation of mean estimator": 0.004073103436183571,
  "Length mean theory": 5.49171270718232,
  "Length standard deviation": 2.8728808659957625
}