{
  "Total mutations": 1000000,
  "Neutral mutations": 497437,
  "Neutral mutations proportion": 0.497437,
  "Neutral mutations standard deviation of proportion estimator": 0.0004999939284316334,
  "Neutral probability theory": 0.49775,
  "Length mean": 5.491191849420128,
  "Length standard deviation of mean estimator": 0.004072792762453926,
  "Length mean theory": 5.49171270718232,
  "Length standard deviation": 2.872508715279727
}