{
  "Total mutations": 1000000,
  "Neutral mutations": 501405,
  "Neutral mutations proportion": 0.501405,
  "Neutral mutations standard deviation of proportion estimator": 0.0004999985273783328,
  "Neutral probability theory": 0.5005,
  "Length mean": 5.5040516149619565,
  "Length standard deviation of mean estimator": 0.004059650023538212,
  "Length mean theory": 5.5,
  "Length standard deviation": 2.8746364330533223
}