{
  "Total mutations": 1000000,
  "Neutral mutations": 500981,
  "Neutral mutations proportion": 0.500981,
  "Neutral mutations standard deviation of proportion estimator": 0.000499999538620288,
  "Neutral probability theory": 0.5005,
  "Length mean": 5.492383942704414,
  "Length standard deviation of mean estimator": 0.004055071684996079,
  "Length mean theory": 5.5,
  "Length standard deviation": 2.8701801969698506
}