{
  "Total mutations": 1000000,
  "Neutral mutations": 500532,
  "Neutral mutations proportion": 0.500532,
  "Neutral mutations standard deviation of proportion estimator": 0.0005000002175084532,
  "Neutral probability theory": 0.5005,
  "Length mean": 5.505436215866318,
  "Length standard deviation of mean estimator": 0.004058042522445715,
  "Length mean theory": 5.5,
  "Length standard deviation": 2.8709955378295913
}