{
  "Total mutations": 1000000,
  "Neutral mutations": 501219,
  "Neutral mutations proportion": 0.501219,
  "Neutral mutations standard deviation of proportion estimator": 0.0004999990152575316,
  "Neutral probability theory": 0.5005,
  "Length mean": 5.498610387874362,
  "Length standard deviation of mean estimator": 0.0040552559695176665,
  "Length mean theory": 5.5,
  "Length standard deviation": 2.870992348865962
}