{
  "Total mutations": 1000000,
  "Neutral mutations": 499412,
  "Neutral mutations proportion": 0.499412,
  "Neutral mutations standard deviation of proportion estimator": 0.0005000001536684757,
  "Neutral probability theory": 0.5005,
  "Length mean": 5.500883038453221,
  "Length standard deviation of mean estimator": 0.004065216692883426,
  "Length mean theory": 5.5,
  "Length standard deviation": 2.872851562443506
}