{
  "Total mutations": 1000000,
  "Neutral mutations": 500731,
  "Neutral mutations proportion": 0.500731,
  "Neutral mutations standard deviation of proportion estimator": 0.0004999999663704996,
  "Neutral probability theory": 0.5005,
  "Length mean": 5.5027270131068375,
  "Length standard deviation of mean estimator": 0.00406004088532541,
  "Length mean theory": 5.5,
  "Length standard deviation": 2.8729802904896578
}