{
  "Total mutations": 1000000,
  "Neutral mutations": 500273,
  "Neutral mutations proportion": 0.500273,
  "Neutral mutations standard deviation of proportion estimator": 0.0005000004257443189,
  "Neutral probability theory": 0.5005,
  "Length mean": 5.4990435222368585,
  "Length standard deviation of mean estimator": 0.004063327532426306,
  "Length mean theory": 5.5,
  "Length standard deviation": 2.873990730682755
}