{
  "Total mutations": 1000000,
  "Neutral mutations": 500984,
  "Neutral mutations proportion": 0.500984,
  "Neutral mutations standard deviation of proportion estimator": 0.0004999995327282826,
  "Neutral probability theory": 0.5005,
  "Length mean": 5.496299283011035,
  "Length standard deviation of mean estimator": 0.00405323565155392,
  "Length mean theory": 5.5,
  "Length standard deviation": 2.868889242067902
}