{
  "Total mutations": 1000000,
  "Neutral mutations": 500435,
  "Neutral mutations proportion": 0.500435,
  "Neutral mutations standard deviation of proportion estimator": 0.0005000003112104037,
  "Neutral probability theory": 0.5005,
  "Length mean": 5.501110034270185,
  "Length standard deviation of mean estimator": 0.004059271722759475,
  "Length mean theory": 5.5,
  "Length standard deviation": 2.871586887664587
}