{
  "Total mutations": 1000000,
  "Neutral mutations": 501470,
  "Neutral mutations proportion": 0.50147,
  "Neutral mutations standard deviation of proportion estimator": 0.0004999983405677477,
  "Neutral probability theory": 0.5005,
  "Length mean": 5.501449737770954,
  "Length standard deviation of mean estimator": 0.00405313038928972,
  "Length mean theory": 5.5,
  "Length standard deviation": 2.8702059053737274
}