{
  "Total mutations": 1000000,
  "Neutral mutations": 500818,
  "Neutral mutations proportion": 0.500818,
  "Neutral mutations standard deviation of proportion estimator": 0.0004999998316944725,
  "Neutral probability theory": 0.5005,
  "Length mean": 5.495657104976259,
  "Length standard deviation of mean estimator": 0.004059655741245456,
  "Length mean theory": 5.5,
  "Length standard deviation": 2.8729573033703115
}