{
  "Total mutations": 1000000,
  "Neutral mutations": 499992,
  "Neutral mutations proportion": 0.499992,
  "Neutral mutations standard deviation of proportion estimator": 0.0005000004999282501,
  "Neutral probability theory": 0.5005,
  "Length mean": 5.494067905086482,
  "Length standard deviation of mean estimator": 0.0040610829956352805,
  "Length mean theory": 5.5,
  "Length standard deviation": 2.8715963521285914
}