{
  "Total mutations": 1000000,
  "Neutral mutations": 497061,
  "Neutral mutations proportion": 0.497061,
  "Neutral mutations standard deviation of proportion estimator": 0.0004999918592742256,
  "Neutral probability theory": 0.49775,
  "Length mean": 5.4927363039948816,
  "Length standard deviation of mean estimator": 0.004076455677652075,
  "Length mean theory": 5.49171270718232,
  "Length standard deviation": 2.874005330579562
}