{
  "Total mutations": 1000000,
  "Neutral mutations": 498770,
  "Neutral mutations proportion": 0.49877,
  "Neutral mutations standard deviation of proportion estimator": 0.0004999989858694703,
  "Neutral probability theory": 0.49775,
  "Length mean": 5.490227960783527,
  "Length standard deviation of mean estimator": 0.004067537048359545,
  "Length mean theory": 5.49171270718232,
  "Length standard deviation": 2.8726431461272406
}