{
  "Total mutations": 1000000,
  "Neutral mutations": 497997,
  "Neutral mutations proportion": 0.497997,
  "Neutral mutations standard deviation of proportion estimator": 0.0004999964859761496,
  "Neutral probability theory": 0.49775,
  "Length mean": 5.4946033811448665,
  "Length standard deviation of mean estimator": 0.004073186519769318,
  "Length mean theory": 5.49171270718232,
  "Length standard deviation": 2.8744030237634233
}