{
  "Total mutations": 1000000,
  "Neutral mutations": 497636,
  "Neutral mutations proportion": 0.497636,
  "Neutral mutations standard deviation of proportion estimator": 0.0004999949091145805,
  "Neutral probability theory": 0.49775,
  "Length mean": 5.494883810656785,
  "Length standard deviation of mean estimator": 0.004073651634755821,
  "Length mean theory": 5.49171270718232,
  "Length standard deviation": 2.873689109366258
}