{
  "Total mutations": 1000000,
  "Neutral mutations": 251023,
  "Neutral mutations proportion": 0.251023,
  "Neutral mutations standard deviation of proportion estimator": 0.0004336020116353832,
  "Neutral probability theory": 0.25048774938746937,
  "Length mean": 16873.419152826635,
  "Length standard deviation of mean estimator": 22.273316870884685,
  "Length mean theory": 0,
  "Length standard deviation": 11159.420776499192
}