{
  "Total mutations": 1000000,
  "Neutral mutations": 250400,
  "Neutral mutations proportion": 0.2504,
  "Neutral mutations standard deviation of proportion estimator": 0.000433243684778267,
  "Neutral probability theory": 0.25048774938746937,
  "Length mean": 16411.887819488817,
  "Length standard deviation of mean estimator": 21.95380136232289,
  "Length mean theory": 0,
  "Length standard deviation": 10985.678691905434
}