{
  "Total mutations": 1000000,
  "Neutral mutations": 249965,
  "Neutral mutations proportion": 0.249965,
  "Neutral mutations standard deviation of proportion estimator": 0.00043299278139508285,
  "Neutral probability theory": 0.25049899999499997,
  "Length mean": 168889.94320404856,
  "Length standard deviation of mean estimator": 222.14900332372707,
  "Length mean theory": 0,
  "Length standard deviation": 111066.72617459562
}