{
  "Total mutations": 1000000,
  "Neutral mutations": 501186,
  "Neutral mutations proportion": 0.501186,
  "Neutral mutations standard deviation of proportion estimator": 0.0004999990945896814,
  "Neutral probability theory": 0.25049899999499997,
  "Length mean": 165696.30793956734,
  "Length standard deviation of mean estimator": 155.64796015833224,
  "Length mean theory": 0,
  "Length standard deviation": 110190.18163022335
}