{
  "Total mutations": 1000000,
  "Neutral mutations": 251129,
  "Neutral mutations proportion": 0.251129,
  "Neutral mutations standard deviation of proportion estimator": 0.00043366286039762627,
  "Neutral probability theory": 0.2505002375000119,
  "Length mean": 16683766.42030988,
  "Length standard deviation of mean estimator": 22066.69158074292,
  "Length mean theory": 0,
  "Length standard deviation": 11058231.021388615
}