{
  "Total mutations": 1000000,
  "Neutral mutations": 250325,
  "Neutral mutations proportion": 0.250325,
  "Neutral mutations standard deviation of proportion estimator": 0.00043320046710530025,
  "Neutral probability theory": 0.2505002375000119,
  "Length mean": 16675776.53830021,
  "Length standard deviation of mean estimator": 22090.855886197893,
  "Length mean theory": 0,
  "Length standard deviation": 11052605.139430752
}