{
  "Total mutations": 1000000,
  "Neutral mutations": 251226,
  "Neutral mutations proportion": 0.251226,
  "Neutral mutations standard deviation of proportion estimator": 0.0004337185125749779,
  "Neutral probability theory": 0.25050024875000126,
  "Length mean": 166746081.30027944,
  "Length standard deviation of mean estimator": 220650.29071158494,
  "Length mean theory": 0,
  "Length standard deviation": 110595331.76878051
}