{
  "Total mutations": 1000000,
  "Neutral mutations": 500017,
  "Neutral mutations proportion": 0.500017,
  "Neutral mutations standard deviation of proportion estimator": 0.0005000004997282502,
  "Neutral probability theory": 0.25050024875000126,
  "Length mean": 166812685.67599902,
  "Length standard deviation of mean estimator": 156424.4230204448,
  "Length mean theory": 0,
  "Length standard deviation": 110610650.59406136
}