{
  "Total mutations": 1000000,
  "Neutral mutations": 500639,
  "Neutral mutations proportion": 0.500639,
  "Neutral mutations standard deviation of proportion estimator": 0.0005000000923184923,
  "Neutral probability theory": 0.25050024987500014,
  "Length mean": 1665692947.146385,
  "Length standard deviation of mean estimator": 1563061.7425856264,
  "Length mean theory": 0,
  "Length standard deviation": 1105957587.8362255
}