{
  "Total mutations": 1000000,
  "Neutral mutations": 249838,
  "Neutral mutations proportion": 0.249838,
  "Neutral mutations standard deviation of proportion estimator": 0.00043291941928521737,
  "Neutral probability theory": 0.25050024987500014,
  "Length mean": 1670460966.6777031,
  "Length standard deviation of mean estimator": 2217702.668768242,
  "Length mean theory": 0,
  "Length standard deviation": 1108492008.3315268
}