{
  "Total mutations": 1000000,
  "Neutral mutations": 250027,
  "Neutral mutations proportion": 0.250027,
  "Neutral mutations standard deviation of proportion estimator": 0.00043302857792327056,
  "Neutral probability theory": 0.25049899999499997,
  "Length mean": 166495.81556791867,
  "Length standard deviation of mean estimator": 221.3302139236193,
  "Length mean theory": 200000,
  "Length standard deviation": 110671.08271624458
}