{
  "Total mutations": 1000000,
  "Neutral mutations": 251030,
  "Neutral mutations proportion": 0.25103,
  "Neutral mutations standard deviation of proportion estimator": 0.00043360603101231306,
  "Neutral probability theory": 0.2505001250000625,
  "Length mean": 1669406.3509222006,
  "Length standard deviation of mean estimator": 2204.2955890589556,
  "Length mean theory": 2000000,
  "Length standard deviation": 1104415.8852540355
}