{
  "Total mutations": 1000000,
  "Neutral mutations": 250426,
  "Neutral mutations proportion": 0.250426,
  "Neutral mutations standard deviation of proportion estimator": 0.000433258662868096,
  "Neutral probability theory": 0.2505002375000119,
  "Length mean": 16690284.269205274,
  "Length standard deviation of mean estimator": 22080.42583787427,
  "Length mean theory": 20000000,
  "Length standard deviation": 11049615.1766871
}