{
  "Total mutations": 1000000,
  "Neutral mutations": 251083,
  "Neutral mutations proportion": 0.251083,
  "Neutral mutations standard deviation of proportion estimator": 0.0004336364585620668,
  "Neutral probability theory": 0.25050024998750003,
  "Length mean": 16629604310.741835,
  "Length standard deviation of mean estimator": 22079749.067300763,
  "Length mean theory": 20000000000,
  "Length standard deviation": 11063761060.73716
}