{
  "Total mutations": 1000000,
  "Neutral mutations": 250346,
  "Neutral mutations proportion": 0.250346,
  "Neutral mutations standard deviation of proportion estimator": 0.0004332125697971497,
  "Neutral probability theory": 0.25050024987500014,
  "Length mean": 1666714682.0088038,
  "Length standard deviation of mean estimator": 2208248.6998781827,
  "Length mean theory": 500000000.0,
  "Length standard deviation": 1104888139.8093288
}