{
  "Total mutations": 1000000,
  "Neutral mutations": 250566,
  "Neutral mutations proportion": 0.250566,
  "Neutral mutations standard deviation of proportion estimator": 0.00043333927840694364,
  "Neutral probability theory": 0.25050024998750003,
  "Length mean": 16657211198.97047,
  "Length standard deviation of mean estimator": 22088947.272948507,
  "Length mean theory": 5000000000.0,
  "Length standard deviation": 11056968912.303036
}