{
  "Total mutations": 1000000,
  "Neutral mutations": 32640,
  "Neutral mutations proportion": 0.03264,
  "Neutral mutations standard deviation of proportion estimator": 0.00017769260828754988,
  "Neutral probability theory": 0.0250124875,
  "Length mean": 856.7295036764706,
  "Length standard deviation of mean estimator": 3.471960763557298,
  "Length mean theory": 666.6666666666666,
  "Length standard deviation": 627.2633073803697
}