{
  "Total mutations": 1000000,
  "Neutral mutations": 3755,
  "Neutral mutations proportion": 0.003755,
  "Neutral mutations standard deviation of proportion estimator": 6.116292774225049e-05,
  "Neutral probability theory": 0.00250124875,
  "Length mean": 963.3829560585885,
  "Length standard deviation of mean estimator": 11.072849223083235,
  "Length mean theory": 666.6666666666666,
  "Length standard deviation": 678.5226614777446
}