{
  "Total mutations": 1000000,
  "Neutral mutations": 386,
  "Neutral mutations proportion": 0.000386,
  "Neutral mutations standard deviation of proportion estimator": 1.9643100315387742e-05,
  "Neutral probability theory": 0.000250124875,
  "Length mean": 1032.896373056995,
  "Length standard deviation of mean estimator": 34.589977670240756,
  "Length mean theory": 666.6666666666666,
  "Length standard deviation": 679.5852340346376
}