{
  "Total mutations": 1000000,
  "Neutral mutations": 50,
  "Neutral mutations proportion": 5e-05,
  "Neutral mutations standard deviation of proportion estimator": 7.070894568585364e-06,
  "Neutral probability theory": 2.50124875e-05,
  "Length mean": 902.6,
  "Length standard deviation of mean estimator": 93.05529354713174,
  "Length mean theory": 666.6666666666666,
  "Length standard deviation": 658.0002909248163
}