{
  "Total mutations": 1000000,
  "Neutral mutations": 251,
  "Neutral mutations proportion": 0.000251,
  "Neutral mutations standard deviation of proportion estimator": 1.584099902153431e-05,
  "Neutral probability theory": 0.000125125,
  "Length mean": 945.3386454183267,
  "Length standard deviation of mean estimator": 54.18084243684209,
  "Length mean theory": 333.3333333333333,
  "Length standard deviation": 858.3859769815925
}