{
  "Total mutations": 1000000,
  "Neutral mutations": 13,
  "Neutral mutations proportion": 1.3e-05,
  "Neutral mutations standard deviation of proportion estimator": 3.605529642093239e-06,
  "Neutral probability theory": 1.25125e-05,
  "Length mean": 681.5384615384615,
  "Length standard deviation of mean estimator": 170.5689180459565,
  "Length mean theory": 333.3333333333333,
  "Length standard deviation": 614.9949800151112
}