{
  "Total mutations": 1000000,
  "Neutral mutations": 249177,
  "Neutral mutations proportion": 0.249177,
  "Neutral mutations standard deviation of proportion estimator": 0.000432536786699408,
  "Neutral probability theory": 0.25048774938746937,
  "Length mean": 16810.141846960192,
  "Length standard deviation of mean estimator": 22.310431692196975,
  "Length mean theory": 0,
  "Length standard deviation": 11136.839224388594
}