{
  "Total mutations": 1000000,
  "Neutral mutations": 250996,
  "Neutral mutations proportion": 0.250996,
  "Neutral mutations standard deviation of proportion estimator": 0.00043358650691672937,
  "Neutral probability theory": 0.25049899999499997,
  "Length mean": 167157.51322730244,
  "Length standard deviation of mean estimator": 221.044778265966,
  "Length mean theory": 0,
  "Length standard deviation": 110742.33088790019
}