{
  "Total mutations": 1000000,
  "Neutral mutations": 501613,
  "Neutral mutations proportion": 0.501613,
  "Neutral mutations standard deviation of proportion estimator": 0.0004999978998400909,
  "Neutral probability theory": 0.25049899999499997,
  "Length mean": 167367.25626927533,
  "Length standard deviation of mean estimator": 156.52463796161848,
  "Length mean theory": 0,
  "Length standard deviation": 110858.01542369433
}