{
  "Total mutations": 1000000,
  "Neutral mutations": 250461,
  "Neutral mutations proportion": 0.250461,
  "Neutral mutations standard deviation of proportion estimator": 0.0004332788223999074,
  "Neutral probability theory": 0.25049899999499997,
  "Length mean": 166882.6655127944,
  "Length standard deviation of mean estimator": 221.0694624743491,
  "Length mean theory": 0,
  "Length standard deviation": 110636.59732073946
}