{
  "Total mutations": 1000000,
  "Neutral mutations": 500740,
  "Neutral mutations proportion": 0.50074,
  "Neutral mutations standard deviation of proportion estimator": 0.0004999999531404985,
  "Neutral probability theory": 0.2505001250000625,
  "Length mean": 1671000.472726365,
  "Length standard deviation of mean estimator": 1563.7792977919526,
  "Length mean theory": 0,
  "Length standard deviation": 1106576.9048347143
}