{
  "Total mutations": 1000000,
  "Neutral mutations": 250950,
  "Neutral mutations proportion": 0.25095,
  "Neutral mutations standard deviation of proportion estimator": 0.00043356008632051333,
  "Neutral probability theory": 0.25050024987500014,
  "Length mean": 1667106696.8140028,
  "Length standard deviation of mean estimator": 2206499.671334478,
  "Length mean theory": 0,
  "Length standard deviation": 1105344022.7636864
}