{
  "Total mutations": 1000000,
  "Neutral mutations": 250957,
  "Neutral mutations proportion": 0.250957,
  "Neutral mutations standard deviation of proportion estimator": 0.0004335641072647169,
  "Neutral probability theory": 0.25050024998750003,
  "Length mean": 16679755754.695593,
  "Length standard deviation of mean estimator": 22056052.56935573,
  "Length mean theory": 0,
  "Length standard deviation": 11049113765.543621
}