{
  "Total mutations": 1000000,
  "Neutral mutations": 498550,
  "Neutral mutations proportion": 0.49855,
  "Neutral mutations standard deviation of proportion estimator": 0.0004999983960479259,
  "Neutral probability theory": 0.49775,
  "Length mean": 5.4893771938622,
  "Length standard deviation of mean estimator": 0.004066435245152836,
  "Length mean theory": 5.49171270718232,
  "Length standard deviation": 2.871231574235387
}