{
  "Total mutations": 1000000,
  "Neutral mutations": 498163,
  "Neutral mutations proportion": 0.498163,
  "Neutral mutations standard deviation of proportion estimator": 0.0004999971235862244,
  "Neutral probability theory": 0.49775,
  "Length mean": 5.492931028599073,
  "Length standard deviation of mean estimator": 0.004066368358851879,
  "Length mean theory": 5.49171270718232,
  "Length standard deviation": 2.870069750718924
}