{
  "Total mutations": 1000000,
  "Neutral mutations": 498186,
  "Neutral mutations proportion": 0.498186,
  "Neutral mutations standard deviation of proportion estimator": 0.0004999972075827006,
  "Neutral probability theory": 0.49775,
  "Length mean": 5.488440060539638,
  "Length standard deviation of mean estimator": 0.004072839006201731,
  "Length mean theory": 5.49171270718232,
  "Length standard deviation": 2.8747031362118722
}