{
  "Total mutations": 1000000,
  "Neutral mutations": 498553,
  "Neutral mutations proportion": 0.498553,
  "Neutral mutations standard deviation of proportion estimator": 0.0004999984047419537,
  "Neutral probability theory": 0.49775,
  "Length mean": 5.488112597858201,
  "Length standard deviation of mean estimator": 0.0040682014440439436,
  "Length mean theory": 5.49171270718232,
  "Length standard deviation": 2.8724872957273573
}