{
  "Total mutations": 1000000,
  "Neutral mutations": 497931,
  "Neutral mutations proportion": 0.497931,
  "Neutral mutations standard deviation of proportion estimator": 0.000499996217156188,
  "Neutral probability theory": 0.49775,
  "Length mean": 5.489117970160525,
  "Length standard deviation of mean estimator": 0.004073054579273097,
  "Length mean theory": 5.49171270718232,
  "Length standard deviation": 2.874119441025112
}