{
  "Total mutations": 1000000,
  "Neutral mutations": 3016,
  "Neutral mutations proportion": 0.003016,
  "Neutral mutations standard deviation of proportion estimator": 5.4835269307289955e-05,
  "Neutral probability theory": 0.00250124875,
  "Length mean": 1007.7155172413793,
  "Length standard deviation of mean estimator": 16.461674299333165,
  "Length mean theory": 666.6666666666666,
  "Length standard deviation": 904.0442189095484
}