{
  "Total mutations": 1000000,
  "Neutral mutations": 303,
  "Neutral mutations proportion": 0.000303,
  "Neutral mutations standard deviation of proportion estimator": 1.740426654588762e-05,
  "Neutral probability theory": 0.000250124875,
  "Length mean": 1042.029702970297,
  "Length standard deviation of mean estimator": 64.33580125473377,
  "Length mean theory": 666.6666666666666,
  "Length standard deviation": 1119.8865491181894
}