{
  "Total mutations": 1000000,
  "Neutral mutations": 299,
  "Neutral mutations proportion": 0.000299,
  "Neutral mutations standard deviation of proportion estimator": 1.7289039822971635e-05,
  "Neutral probability theory": 0.000250124875,
  "Length mean": 1100.2976588628762,
  "Length standard deviation of mean estimator": 64.76241212031096,
  "Length mean theory": 666.6666666666666,
  "Length standard deviation": 1119.8467917838846
}