{
  "Total mutations": 1000000,
  "Neutral mutations": 31,
  "Neutral mutations proportion": 3.1e-05,
  "Neutral mutations standard deviation of proportion estimator": 5.56768084574098e-06,
  "Neutral probability theory": 2.50124875e-05,
  "Length mean": 1180.774193548387,
  "Length standard deviation of mean estimator": 225.5735369104854,
  "Length mean theory": 666.6666666666666,
  "Length standard deviation": 1255.9403000077232
}