{
  "Total mutations": 1000000,
  "Neutral mutations": 6,
  "Neutral mutations proportion": 6e-06,
  "Neutral mutations standard deviation of proportion estimator": 2.449483619052391e-06,
  "Neutral probability theory": 2.50124875e-06,
  "Length mean": 543.6666666666666,
  "Length standard deviation of mean estimator": 183.59200942831345,
  "Length mean theory": 666.6666666666666,
  "Length standard deviation": 449.7067439516063
}