{
  "Total mutations": 1000000,
  "Neutral mutations": 500989,
  "Neutral mutations proportion": 0.500989,
  "Neutral mutations standard deviation of proportion estimator": 0.0004999995228682733,
  "Neutral probability theory": 0.5005,
  "Length mean": 5.497018896622481,
  "Length standard deviation of mean estimator": 0.004054937493628692,
  "Length mean theory": 5.5,
  "Length standard deviation": 2.8701081319344497
}