{
  "Total mutations": 1000000,
  "Neutral mutations": 500068,
  "Neutral mutations proportion": 0.500068,
  "Neutral mutations standard deviation of proportion estimator": 0.0005000004954442548,
  "Neutral probability theory": 0.5005,
  "Length mean": 5.4995620595599,
  "Length standard deviation of mean estimator": 0.004061266667806395,
  "Length mean theory": 5.5,
  "Length standard deviation": 2.8719444733194317
}