{
  "Total mutations": 1000000,
  "Neutral mutations": 500445,
  "Neutral mutations proportion": 0.500445,
  "Neutral mutations standard deviation of proportion estimator": 0.0005000003024204089,
  "Neutral probability theory": 0.5005,
  "Length mean": 5.497293408866109,
  "Length standard deviation of mean estimator": 0.004062530466055769,
  "Length mean theory": 5.5,
  "Length standard deviation": 2.8739208830883194
}