{
  "Total mutations": 1000000,
  "Neutral mutations": 500195,
  "Neutral mutations proportion": 0.500195,
  "Neutral mutations standard deviation of proportion estimator": 0.0005000004621702866,
  "Neutral probability theory": 0.5005,
  "Length mean": 5.5003588600445825,
  "Length standard deviation of mean estimator": 0.004062830433632497,
  "Length mean theory": 5.5,
  "Length standard deviation": 2.873415102538448
}