{
  "Total mutations": 1000000,
  "Neutral mutations": 500935,
  "Neutral mutations proportion": 0.500935,
  "Neutral mutations standard deviation of proportion estimator": 0.0004999996267103617,
  "Neutral probability theory": 0.5005,
  "Length mean": 5.496938724585026,
  "Length standard deviation of mean estimator": 0.004057740312429863,
  "Length mean theory": 5.5,
  "Length standard deviation": 2.8719371922682284
}