{
  "Total mutations": 1000000,
  "Neutral mutations": 500730,
  "Neutral mutations proportion": 0.50073,
  "Neutral mutations standard deviation of proportion estimator": 0.0004999999678304997,
  "Neutral probability theory": 0.5005,
  "Length mean": 5.500818804545363,
  "Length standard deviation of mean estimator": 0.004057824912527961,
  "Length mean theory": 5.5,
  "Length standard deviation": 2.871409348868846
}