{
  "Total mutations": 1000000,
  "Neutral mutations": 19722,
  "Neutral mutations proportion": 0.019722,
  "Neutral mutations standard deviation of proportion estimator": 0.0001390433832946384,
  "Neutral probability theory": 0.0125125,
  "Length mean": 690.5670317412028,
  "Length standard deviation of mean estimator": 4.17334148809635,
  "Length mean theory": 333.3333333333333,
  "Length standard deviation": 586.0833719824536
}