{
  "Total mutations": 1000000,
  "Neutral mutations": 250,
  "Neutral mutations proportion": 0.00025,
  "Neutral mutations standard deviation of proportion estimator": 1.5809419660450854e-05,
  "Neutral probability theory": 0.000125125,
  "Length mean": 994.644,
  "Length standard deviation of mean estimator": 64.02296826848476,
  "Length mean theory": 333.3333333333333,
  "Length standard deviation": 1012.2920114654919
}