{
  "Total mutations": 1000000,
  "Neutral mutations": 25127,
  "Neutral mutations proportion": 0.025127,
  "Neutral mutations standard deviation of proportion estimator": 0.00015651089098853513,
  "Neutral probability theory": 0.0250124875,
  "Length mean": 667.2326580968679,
  "Length standard deviation of mean estimator": 2.965019954511858,
  "Length mean theory": 666.6666666666666,
  "Length standard deviation": 470.0000892226835
}