{
  "Total mutations": 1000000,
  "Neutral mutations": 25005,
  "Neutral mutations proportion": 0.025005,
  "Neutral mutations standard deviation of proportion estimator": 0.0001561402413858292,
  "Neutral probability theory": 0.0250124875,
  "Length mean": 667.3335732853429,
  "Length standard deviation of mean estimator": 2.9861657565744744,
  "Length mean theory": 666.6666666666666,
  "Length standard deviation": 472.20147614453595
}