{
  "Total mutations": 1000000,
  "Neutral mutations": 282,
  "Neutral mutations proportion": 0.000282,
  "Neutral mutations standard deviation of proportion estimator": 1.6790496061769048e-05,
  "Neutral probability theory": 0.000250124875,
  "Length mean": 625.4574468085107,
  "Length standard deviation of mean estimator": 27.64108934421547,
  "Length mean theory": 666.6666666666666,
  "Length standard deviation": 464.17282264049277
}