{
  "Total mutations": 1000000,
  "Neutral mutations": 247,
  "Neutral mutations proportion": 0.000247,
  "Neutral mutations standard deviation of proportion estimator": 1.57143004298711e-05,
  "Neutral probability theory": 0.000250124875,
  "Length mean": 683.1983805668016,
  "Length standard deviation of mean estimator": 28.55307784826625,
  "Length mean theory": 666.6666666666666,
  "Length standard deviation": 448.7468427615516
}