{
  "Total mutations": 1000000,
  "Neutral mutations": 282,
  "Neutral mutations proportion": 0.000282,
  "Neutral mutations standard deviation of proportion estimator": 1.6790496061769048e-05,
  "Neutral probability theory": 0.000250124875,
  "Length mean": 686.4539007092199,
  "Length standard deviation of mean estimator": 27.769458747554456,
  "Length mean theory": 666.6666666666666,
  "Length standard deviation": 466.3285114972709
}