{
  "Total mutations": 1000000,
  "Neutral mutations": 23,
  "Neutral mutations proportion": 2.3e-05,
  "Neutral mutations standard deviation of proportion estimator": 4.7957787688782105e-06,
  "Neutral probability theory": 2.50124875e-05,
  "Length mean": 709.304347826087,
  "Length standard deviation of mean estimator": 115.06716999858223,
  "Length mean theory": 666.6666666666666,
  "Length standard deviation": 551.8427611775843
}