{
  "Total mutations": 1000000,
  "Neutral mutations": 4,
  "Neutral mutations proportion": 4e-06,
  "Neutral mutations standard deviation of proportion estimator": 1.99999699999875e-06,
  "Neutral probability theory": 2.50124875e-06,
  "Length mean": 575.0,
  "Length standard deviation of mean estimator": 365.79445503360677,
  "Length mean theory": 666.6666666666666,
  "Length standard deviation": 731.5889100672135
}