{
  "Total mutations": 1000000,
  "Neutral mutations": 5,
  "Neutral mutations proportion": 5e-06,
  "Neutral mutations standard deviation of proportion estimator": 2.2360635053604804e-06,
  "Neutral probability theory": 2.50124875e-06,
  "Length mean": 801.0,
  "Length standard deviation of mean estimator": 264.90064175082705,
  "Length mean theory": 666.6666666666666,
  "Length standard deviation": 592.3358422381681
}