{
  "Total mutations": 1000000,
  "Neutral mutations": 17225,
  "Neutral mutations proportion": 0.017225,
  "Neutral mutations standard deviation of proportion estimator": 0.0001301088644175224,
  "Neutral probability theory": 0.0125125,
  "Length mean": 566.5868214804063,
  "Length standard deviation of mean estimator": 3.5734319270928547,
  "Length mean theory": 333.3333333333333,
  "Length standard deviation": 468.9916695204552
}