{
  "Total mutations": 1000000,
  "Neutral mutations": 18300,
  "Neutral mutations proportion": 0.0183,
  "Neutral mutations standard deviation of proportion estimator": 0.00013403405649318497,
  "Neutral probability theory": 0.0125125,
  "Length mean": 600.4348087431694,
  "Length standard deviation of mean estimator": 3.681797221189103,
  "Length mean theory": 333.3333333333333,
  "Length standard deviation": 498.06429628772946
}