{
  "Total mutations": 1000000,
  "Neutral mutations": 2234,
  "Neutral mutations proportion": 0.002234,
  "Neutral mutations standard deviation of proportion estimator": 4.7212408093659385e-05,
  "Neutral probability theory": 0.00125125,
  "Length mean": 826.3518352730529,
  "Length standard deviation of mean estimator": 15.42031584720334,
  "Length mean theory": 333.3333333333333,
  "Length standard deviation": 728.8444543307293
}