{
  "Total mutations": 1000000,
  "Neutral mutations": 269,
  "Neutral mutations proportion": 0.000269,
  "Neutral mutations standard deviation of proportion estimator": 1.6399021556186483e-05,
  "Neutral probability theory": 0.000125125,
  "Length mean": 935.1226765799256,
  "Length standard deviation of mean estimator": 58.96347571882402,
  "Length mean theory": 333.3333333333333,
  "Length standard deviation": 967.0729057931104
}