{
  "Total mutations": 1000000,
  "Neutral mutations": 20,
  "Neutral mutations proportion": 2e-05,
  "Neutral mutations standard deviation of proportion estimator": 4.472093469508436e-06,
  "Neutral probability theory": 1.25125e-05,
  "Length mean": 1293.1,
  "Length standard deviation of mean estimator": 298.4687209654252,
  "Length mean theory": 333.3333333333333,
  "Length standard deviation": 1334.7926984722146
}