{
  "Total mutations": 1000000,
  "Neutral mutations": 12173,
  "Neutral mutations proportion": 0.012173,
  "Neutral mutations standard deviation of proportion estimator": 0.00010965778697389517,
  "Neutral probability theory": 0.0125125,
  "Length mean": 332.14039267230754,
  "Length standard deviation of mean estimator": 2.1411552359270414,
  "Length mean theory": 333.3333333333333,
  "Length standard deviation": 236.23648182663032
}