{
  "Total mutations": 1000000,
  "Neutral mutations": 1278,
  "Neutral mutations proportion": 0.001278,
  "Neutral mutations standard deviation of proportion estimator": 3.572629275479445e-05,
  "Neutral probability theory": 0.00125125,
  "Length mean": 345.01564945226914,
  "Length standard deviation of mean estimator": 6.5203497626065205,
  "Length mean theory": 333.3333333333333,
  "Length standard deviation": 233.0968043370648
}