{
  "Total mutations": 1000000,
  "Neutral mutations": 122,
  "Neutral mutations proportion": 0.000122,
  "Neutral mutations standard deviation of proportion estimator": 1.1044692752635629e-05,
  "Neutral probability theory": 0.000125125,
  "Length mean": 367.1393442622951,
  "Length standard deviation of mean estimator": 22.629422635484914,
  "Length mean theory": 333.3333333333333,
  "Length standard deviation": 249.9501426194401
}