{
  "Total mutations": 1000000,
  "Neutral mutations": 11,
  "Neutral mutations proportion": 1.1e-05,
  "Neutral mutations standard deviation of proportion estimator": 3.3166082071916484e-06,
  "Neutral probability theory": 1.25125e-05,
  "Length mean": 314.1818181818182,
  "Length standard deviation of mean estimator": 77.52277385268908,
  "Length mean theory": 333.3333333333333,
  "Length standard deviation": 257.113953576944
}