{
  "Total mutations": 1000000,
  "Neutral mutations": 1278,
  "Neutral mutations proportion": 0.001278,
  "Neutral mutations standard deviation of proportion estimator": 3.572629275479445e-05,
  "Neutral probability theory": 0.00125125,
  "Length mean": 340.0798122065728,
  "Length standard deviation of mean estimator": 6.535339259475358,
  "Length mean theory": 333.3333333333333,
  "Length standard deviation": 233.6326657472585
}