{
  "Total mutations": 1000000,
  "Neutral mutations": 130,
  "Neutral mutations proportion": 0.00013,
  "Neutral mutations standard deviation of proportion estimator": 1.1401018814129289e-05,
  "Neutral probability theory": 0.000125125,
  "Length mean": 304.66153846153844,
  "Length standard deviation of mean estimator": 20.27156678304857,
  "Length mean theory": 333.3333333333333,
  "Length standard deviation": 231.13142274287972
}