{
  "Total mutations": 1000000,
  "Neutral mutations": 124,
  "Neutral mutations proportion": 0.000124,
  "Neutral mutations standard deviation of proportion estimator": 1.1134843869589011e-05,
  "Neutral probability theory": 0.000125125,
  "Length mean": 313.85483870967744,
  "Length standard deviation of mean estimator": 22.118775892350364,
  "Length mean theory": 333.3333333333333,
  "Length standard deviation": 246.30426432570434
}