{
  "Total mutations": 1000000,
  "Neutral mutations": 126,
  "Neutral mutations proportion": 0.000126,
  "Neutral mutations standard deviation of proportion estimator": 1.1224270577642273e-05,
  "Neutral probability theory": 0.000125125,
  "Length mean": 322.6190476190476,
  "Length standard deviation of mean estimator": 19.877914304330503,
  "Length mean theory": 333.3333333333333,
  "Length standard deviation": 223.12903467137284
}