{
  "Total mutations": 1000000,
  "Neutral mutations": 497875,
  "Neutral mutations proportion": 0.497875,
  "Neutral mutations standard deviation of proportion estimator": 0.0004999959822343554,
  "Neutral probability theory": 0.49775,
  "Length mean": 5.4923585237258346,
  "Length standard deviation of mean estimator": 0.004068129504614693,
  "Length mean theory": 5.5,
  "Length standard deviation": 2.870482671628131
}