{
  "Total mutations": 1000000,
  "Neutral mutations": 497785,
  "Neutral mutations proportion": 0.497785,
  "Neutral mutations standard deviation of proportion estimator": 0.0004999955915410634,
  "Neutral probability theory": 0.49999775,
  "Length mean": 5.493998412969455,
  "Length standard deviation of mean estimator": 0.004068448758113355,
  "Length mean theory": 5.5,
  "Length standard deviation": 2.8704484595465773
}