{
  "Total mutations": 1000000,
  "Neutral mutations": 497593,
  "Neutral mutations proportion": 0.497593,
  "Neutral mutations standard deviation of proportion estimator": 0.000499994703916449,
  "Neutral probability theory": 0.49775,
  "Length mean": 5.487735960915849,
  "Length standard deviation of mean estimator": 0.004071267266273496,
  "Length mean theory": 5.5,
  "Length standard deviation": 2.871883011027212
}