{
  "Total mutations": 1000000,
  "Neutral mutations": 496914,
  "Neutral mutations proportion": 0.496914,
  "Neutral mutations standard deviation of proportion estimator": 0.000499990973437018,
  "Neutral probability theory": 0.49999775,
  "Length mean": 5.498683876888154,
  "Length standard deviation of mean estimator": 0.004077399730076575,
  "Length mean theory": 5.5,
  "Length standard deviation": 2.8742458049933237
}