{
  "Total mutations": 1000000,
  "Neutral mutations": 498034,
  "Neutral mutations proportion": 0.498034,
  "Neutral mutations standard deviation of proportion estimator": 0.0004999966328671604,
  "Neutral probability theory": 0.49775,
  "Length mean": 5.496092636245718,
  "Length standard deviation of mean estimator": 0.004070638337874446,
  "Length mean theory": 5.5,
  "Length standard deviation": 2.872711511657813
}