{
  "Total mutations": 1000000,
  "Neutral mutations": 496978,
  "Neutral mutations proportion": 0.496978,
  "Neutral mutations standard deviation of proportion estimator": 0.0004999913644199238,
  "Neutral probability theory": 0.499999775,
  "Length mean": 5.488923050919759,
  "Length standard deviation of mean estimator": 0.004072024261322952,
  "Length mean theory": 5.5,
  "Length standard deviation": 2.87064136688164
}