{
  "Total mutations": 1000000,
  "Neutral mutations": 498354,
  "Neutral mutations proportion": 0.498354,
  "Neutral mutations standard deviation of proportion estimator": 0.00049999778903361,
  "Neutral probability theory": 0.4999999775,
  "Length mean": 5.492587598373847,
  "Length standard deviation of mean estimator": 0.004070485467014219,
  "Length mean theory": 5.5,
  "Length standard deviation": 2.873526342022706
}