{
  "Total mutations": 1000000,
  "Neutral mutations": 498484,
  "Neutral mutations proportion": 0.498484,
  "Neutral mutations standard deviation of proportion estimator": 0.0004999982002252593,
  "Neutral probability theory": 0.49999999775,
  "Length mean": 5.496535495622728,
  "Length standard deviation of mean estimator": 0.00406850309436193,
  "Length mean theory": 5.5,
  "Length standard deviation": 2.8725014873441213
}