{
  "Total mutations": 1000000,
  "Neutral mutations": 498067,
  "Neutral mutations proportion": 0.498067,
  "Neutral mutations standard deviation of proportion estimator": 0.0004999967615680106,
  "Neutral probability theory": 0.49775,
  "Length mean": 5.489667052826226,
  "Length standard deviation of mean estimator": 0.004071621540441533,
  "Length mean theory": 5.5,
  "Length standard deviation": 2.873500567807228
}