{
  "Total mutations": 1000000,
  "Neutral mutations": 498419,
  "Neutral mutations proportion": 0.498419,
  "Neutral mutations standard deviation of proportion estimator": 0.0004999979988544938,
  "Neutral probability theory": 0.499999999775,
  "Length mean": 5.495747553765005,
  "Length standard deviation of mean estimator": 0.004071431344746382,
  "Length mean theory": 5.5,
  "Length standard deviation": 2.874381510323638
}