{
  "Total mutations": 1000000,
  "Neutral mutations": 497786,
  "Neutral mutations proportion": 0.497786,
  "Neutral mutations standard deviation of proportion estimator": 0.0004999955959711024,
  "Neutral probability theory": 0.49775,
  "Length mean": 5.497721912629122,
  "Length standard deviation of mean estimator": 0.00406991218518528,
  "Length mean theory": 5.5,
  "Length standard deviation": 2.8714838483853278
}