{
  "Total mutations": 1000000,
  "Neutral mutations": 500221,
  "Neutral mutations proportion": 0.500221,
  "Neutral mutations standard deviation of proportion estimator": 0.0005000004513802964,
  "Neutral probability theory": 0.5005,
  "Length mean": 5.502597851749527,
  "Length standard deviation of mean estimator": 0.004060520058334168,
  "Length mean theory": 5.5,
  "Length standard deviation": 2.871855738191233
}