{
  "Total mutations": 1000000,
  "Neutral mutations": 499802,
  "Neutral mutations proportion": 0.499802,
  "Neutral mutations standard deviation of proportion estimator": 0.0005000004605982876,
  "Neutral probability theory": 0.5005,
  "Length mean": 5.498875554719669,
  "Length standard deviation of mean estimator": 0.004067704944613278,
  "Length mean theory": 5.5,
  "Length standard deviation": 2.8757321860631255
}