{
  "Total mutations": 1000000,
  "Neutral mutations": 501013,
  "Neutral mutations proportion": 0.501013,
  "Neutral mutations standard deviation of proportion estimator": 0.0004999994748442252,
  "Neutral probability theory": 0.5005,
  "Length mean": 5.502713502444048,
  "Length standard deviation of mean estimator": 0.004056550099579341,
  "Length mean theory": 5.5,
  "Length standard deviation": 2.87131831685242
}