{
  "Total mutations": 1000000,
  "Neutral mutations": 498441,
  "Neutral mutations proportion": 0.498441,
  "Neutral mutations standard deviation of proportion estimator": 0.0004999980679567656,
  "Neutral probability theory": 0.49775,
  "Length mean": 5.4941708246312,
  "Length standard deviation of mean estimator": 0.004072512753622775,
  "Length mean theory": 5.5,
  "Length standard deviation": 2.8752084251006695
}