{
  "Total mutations": 1000000,
  "Neutral mutations": 496916,
  "Neutral mutations proportion": 0.496916,
  "Neutral mutations standard deviation of proportion estimator": 0.0004999909857792407,
  "Neutral probability theory": 0.4999775,
  "Length mean": 5.485198705616241,
  "Length standard deviation of mean estimator": 0.004070857662478922,
  "Length mean theory": 5.5,
  "Length standard deviation": 2.869639937284833
}