{
  "Total mutations": 1000000,
  "Neutral mutations": 496752,
  "Neutral mutations proportion": 0.496752,
  "Neutral mutations standard deviation of proportion estimator": 0.0004999899471474369,
  "Neutral probability theory": 0.4999775,
  "Length mean": 5.493395094534094,
  "Length standard deviation of mean estimator": 0.00407817829430742,
  "Length mean theory": 5.5,
  "Length standard deviation": 2.8743259842971827
}