{
  "Total mutations": 1000000,
  "Neutral mutations": 498038,
  "Neutral mutations proportion": 0.498038,
  "Neutral mutations standard deviation of proportion estimator": 0.000499996648583266,
  "Neutral probability theory": 0.49999775,
  "Length mean": 5.494052662648231,
  "Length standard deviation of mean estimator": 0.004068542566775648,
  "Length mean theory": 5.5,
  "Length standard deviation": 2.8712440242976265
}