{
  "Total mutations": 1000000,
  "Neutral mutations": 497435,
  "Neutral mutations proportion": 0.497435,
  "Neutral mutations standard deviation of proportion estimator": 0.0004999939181735088,
  "Neutral probability theory": 0.49775,
  "Length mean": 5.4873018585342805,
  "Length standard deviation of mean estimator": 0.004076461987735877,
  "Length mean theory": 5.5,
  "Length standard deviation": 2.8750908111974813
}