{
  "Total mutations": 1000000,
  "Neutral mutations": 498327,
  "Neutral mutations proportion": 0.498327,
  "Neutral mutations standard deviation of proportion estimator": 0.0004999976993932055,
  "Neutral probability theory": 0.49999775,
  "Length mean": 5.490310579197996,
  "Length standard deviation of mean estimator": 0.004069531523862922,
  "Length mean theory": 5.5,
  "Length standard deviation": 2.872775089282307
}