{
  "Total mutations": 1000000,
  "Neutral mutations": 497663,
  "Neutral mutations proportion": 0.497663,
  "Neutral mutations standard deviation of proportion estimator": 0.000499995036069857,
  "Neutral probability theory": 0.499999775,
  "Length mean": 5.493663382650508,
  "Length standard deviation of mean estimator": 0.004071874994794731,
  "Length mean theory": 5.5,
  "Length standard deviation": 2.8725137316883003
}