{
  "Total mutations": 1000000,
  "Neutral mutations": 497502,
  "Neutral mutations proportion": 0.497502,
  "Neutral mutations standard deviation of proportion estimator": 0.0004999942574655208,
  "Neutral probability theory": 0.49775,
  "Length mean": 5.490152803405816,
  "Length standard deviation of mean estimator": 0.0040705749279251165,
  "Length mean theory": 5.5,
  "Length standard deviation": 2.8711320607866755
}