{
  "Total mutations": 1000000,
  "Neutral mutations": 497858,
  "Neutral mutations proportion": 0.497858,
  "Neutral mutations standard deviation of proportion estimator": 0.0004999959096777671,
  "Neutral probability theory": 0.49775,
  "Length mean": 5.491561850969553,
  "Length standard deviation of mean estimator": 0.004072553954576371,
  "Length mean theory": 5.5,
  "Length standard deviation": 2.873555514732699
}