{
  "Total mutations": 1000000,
  "Neutral mutations": 497862,
  "Neutral mutations proportion": 0.497862,
  "Neutral mutations standard deviation of proportion estimator": 0.0004999959268019069,
  "Neutral probability theory": 0.49999999775,
  "Length mean": 5.493787435072369,
  "Length standard deviation of mean estimator": 0.00407445811423933,
  "Length mean theory": 5.5,
  "Length standard deviation": 2.874910620813171
}