{
  "Total mutations": 1000000,
  "Neutral mutations": 498202,
  "Neutral mutations proportion": 0.498202,
  "Neutral mutations standard deviation of proportion estimator": 0.0004999972653910201,
  "Neutral probability theory": 0.49999999775,
  "Length mean": 5.488757572229738,
  "Length standard deviation of mean estimator": 0.004073788130410579,
  "Length mean theory": 5.5,
  "Length standard deviation": 2.87541922295165
}