{
  "Total mutations": 1000000,
  "Neutral mutations": 498038,
  "Neutral mutations proportion": 0.498038,
  "Neutral mutations standard deviation of proportion estimator": 0.000499996648583266,
  "Neutral probability theory": 0.499999999775,
  "Length mean": 5.487324260397801,
  "Length standard deviation of mean estimator": 0.0040723476507821075,
  "Length mean theory": 5.5,
  "Length standard deviation": 2.8739293408541533
}