{
  "Total mutations": 1000000,
  "Neutral mutations": 496886,
  "Neutral mutations proportion": 0.496886,
  "Neutral mutations standard deviation of proportion estimator": 0.0004999907998058533,
  "Neutral probability theory": 0.49775,
  "Length mean": 5.488429941676763,
  "Length standard deviation of mean estimator": 0.004073942311257113,
  "Length mean theory": 5.5,
  "Length standard deviation": 2.8717276857634326
}